Teams,PlayoffOdds20171016,ExpectedWins20171016,PlayoffOdds20171017,ExpectedWins20171017,PlayoffOdds20171018,ExpectedWins20171018,PlayoffOdds20171019,ExpectedWins20171019,PlayoffOdds20171020,ExpectedWins20171020,PlayoffOdds20171021,ExpectedWins20171021,PlayoffOdds20171022,ExpectedWins20171022,PlayoffOdds20171023,ExpectedWins20171023,PlayoffOdds20171024,ExpectedWins20171024,PlayoffOdds20171025,ExpectedWins20171025,PlayoffOdds20171026,ExpectedWins20171026,PlayoffOdds20171027,ExpectedWins20171027,PlayoffOdds20171028,ExpectedWins20171028,PlayoffOdds20171029,ExpectedWins20171029,PlayoffOdds20171030,ExpectedWins20171030,PlayoffOdds20171031,ExpectedWins20171031,PlayoffOdds20171101,ExpectedWins20171101,PlayoffOdds20171102,ExpectedWins20171102,PlayoffOdds20171103,ExpectedWins20171103,PlayoffOdds20171104,ExpectedWins20171104,PlayoffOdds20171105,ExpectedWins20171105,PlayoffOdds20171106,ExpectedWins20171106,PlayoffOdds20171107,ExpectedWins20171107,PlayoffOdds20171108,ExpectedWins20171108,PlayoffOdds20171109,ExpectedWins20171109,PlayoffOdds20171110,ExpectedWins20171110,PlayoffOdds20171111,ExpectedWins20171111,PlayoffOdds20171112,ExpectedWins20171112,PlayoffOdds20171113,ExpectedWins20171113,PlayoffOdds20171114,ExpectedWins20171114,PlayoffOdds20171115,ExpectedWins20171115,PlayoffOdds20171116,ExpectedWins20171116,PlayoffOdds20171117,ExpectedWins20171117,PlayoffOdds20171118,ExpectedWins20171118,PlayoffOdds20171119,ExpectedWins20171119,PlayoffOdds20171120,ExpectedWins20171120,PlayoffOdds20171121,ExpectedWins20171121,PlayoffOdds20171122,ExpectedWins20171122,PlayoffOdds20171123,ExpectedWins20171123,PlayoffOdds20171124,ExpectedWins20171124,PlayoffOdds20171125,ExpectedWins20171125,PlayoffOdds20171126,ExpectedWins20171126,PlayoffOdds20171127,ExpectedWins20171127,PlayoffOdds20171128,ExpectedWins20171128,PlayoffOdds20171129,ExpectedWins20171129,PlayoffOdds20171130,ExpectedWins20171130,PlayoffOdds20171201,ExpectedWins20171201,PlayoffOdds20171202,ExpectedWins20171202,PlayoffOdds20171203,ExpectedWins20171203,PlayoffOdds20171204,ExpectedWins20171204,PlayoffOdds20171205,ExpectedWins20171205,PlayoffOdds20171206,ExpectedWins20171206,PlayoffOdds20171207,ExpectedWins20171207,PlayoffOdds20171208,ExpectedWins20171208,PlayoffOdds20171209,ExpectedWins20171209,PlayoffOdds20171210,ExpectedWins20171210,PlayoffOdds20171211,ExpectedWins20171211,PlayoffOdds20171212,ExpectedWins20171212,PlayoffOdds20171213,ExpectedWins20171213,PlayoffOdds20171214,ExpectedWins20171214,PlayoffOdds20171215,ExpectedWins20171215,PlayoffOdds20171216,ExpectedWins20171216,PlayoffOdds20171217,ExpectedWins20171217,PlayoffOdds20171218,ExpectedWins20171218,PlayoffOdds20171219,ExpectedWins20171219,PlayoffOdds20171220,ExpectedWins20171220,PlayoffOdds20171221,ExpectedWins20171221,PlayoffOdds20171222,ExpectedWins20171222,PlayoffOdds20171223,ExpectedWins20171223,PlayoffOdds20171224,ExpectedWins20171224,PlayoffOdds20171225,ExpectedWins20171225,PlayoffOdds20171226,ExpectedWins20171226,PlayoffOdds20171227,ExpectedWins20171227,PlayoffOdds20171228,ExpectedWins20171228,PlayoffOdds20171229,ExpectedWins20171229,PlayoffOdds20171230,ExpectedWins20171230,PlayoffOdds20171231,ExpectedWins20171231,PlayoffOdds20180101,ExpectedWins20180101,PlayoffOdds20180102,ExpectedWins20180102,PlayoffOdds20180103,ExpectedWins20180103,PlayoffOdds20180104,ExpectedWins20180104,PlayoffOdds20180105,ExpectedWins20180105,PlayoffOdds20180106,ExpectedWins20180106,PlayoffOdds20180107,ExpectedWins20180107,PlayoffOdds20180108,ExpectedWins20180108,PlayoffOdds20180109,ExpectedWins20180109,PlayoffOdds20180110,ExpectedWins20180110,PlayoffOdds20180111,ExpectedWins20180111,PlayoffOdds20180112,ExpectedWins20180112,PlayoffOdds20180113,ExpectedWins20180113,PlayoffOdds20180114,ExpectedWins20180114,PlayoffOdds20180115,ExpectedWins20180115,PlayoffOdds20180116,ExpectedWins20180116,PlayoffOdds20180117,ExpectedWins20180117,PlayoffOdds20180118,ExpectedWins20180118,PlayoffOdds20180119,ExpectedWins20180119,PlayoffOdds20180120,ExpectedWins20180120,PlayoffOdds20180121,ExpectedWins20180121,PlayoffOdds20180122,ExpectedWins20180122,PlayoffOdds20180123,ExpectedWins20180123,PlayoffOdds20180124,ExpectedWins20180124,PlayoffOdds20180125,ExpectedWins20180125,PlayoffOdds20180126,ExpectedWins20180126,PlayoffOdds20180127,ExpectedWins20180127,PlayoffOdds20180128,ExpectedWins20180128,PlayoffOdds20180129,ExpectedWins20180129,PlayoffOdds20180130,ExpectedWins20180130,PlayoffOdds20180131,ExpectedWins20180131,PlayoffOdds20180201,ExpectedWins20180201,PlayoffOdds20180202,ExpectedWins20180202,PlayoffOdds20180203,ExpectedWins20180203,PlayoffOdds20180204,ExpectedWins20180204,PlayoffOdds20180205,ExpectedWins20180205,PlayoffOdds20180206,ExpectedWins20180206,PlayoffOdds20180207,ExpectedWins20180207,PlayoffOdds20180208,ExpectedWins20180208,PlayoffOdds20180209,ExpectedWins20180209,PlayoffOdds20180210,ExpectedWins20180210,PlayoffOdds20180211,ExpectedWins20180211,PlayoffOdds20180212,ExpectedWins20180212,PlayoffOdds20180213,ExpectedWins20180213,PlayoffOdds20180214,ExpectedWins20180214,PlayoffOdds20180215,ExpectedWins20180215,PlayoffOdds20180216,ExpectedWins20180216,PlayoffOdds20180217,ExpectedWins20180217,PlayoffOdds20180218,ExpectedWins20180218,PlayoffOdds20180219,ExpectedWins20180219,PlayoffOdds20180220,ExpectedWins20180220,PlayoffOdds20180221,ExpectedWins20180221,PlayoffOdds20180222,ExpectedWins20180222,PlayoffOdds20180223,ExpectedWins20180223,PlayoffOdds20180224,ExpectedWins20180224,PlayoffOdds20180225,ExpectedWins20180225,PlayoffOdds20180226,ExpectedWins20180226,PlayoffOdds20180227,ExpectedWins20180227,PlayoffOdds20180228,ExpectedWins20180228,PlayoffOdds20180301,ExpectedWins20180301,PlayoffOdds20180302,ExpectedWins20180302,PlayoffOdds20180303,ExpectedWins20180303,PlayoffOdds20180304,ExpectedWins20180304,PlayoffOdds20180305,ExpectedWins20180305,PlayoffOdds20180306,ExpectedWins20180306,PlayoffOdds20180307,ExpectedWins20180307,PlayoffOdds20180308,ExpectedWins20180308,PlayoffOdds20180309,ExpectedWins20180309,PlayoffOdds20180310,ExpectedWins20180310,PlayoffOdds20180311,ExpectedWins20180311,PlayoffOdds20180312,ExpectedWins20180312,PlayoffOdds20180313,ExpectedWins20180313,PlayoffOdds20180314,ExpectedWins20180314,PlayoffOdds20180315,ExpectedWins20180315,PlayoffOdds20180316,ExpectedWins20180316,PlayoffOdds20180317,ExpectedWins20180317,PlayoffOdds20180318,ExpectedWins20180318,PlayoffOdds20180319,ExpectedWins20180319,PlayoffOdds20180320,ExpectedWins20180320,PlayoffOdds20180321,ExpectedWins20180321,PlayoffOdds20180322,ExpectedWins20180322,PlayoffOdds20180323,ExpectedWins20180323,PlayoffOdds20180324,ExpectedWins20180324,PlayoffOdds20180325,ExpectedWins20180325,PlayoffOdds20180326,ExpectedWins20180326,PlayoffOdds20180327,ExpectedWins20180327,PlayoffOdds20180328,ExpectedWins20180328,PlayoffOdds20180329,ExpectedWins20180329,PlayoffOdds20180330,ExpectedWins20180330,PlayoffOdds20180331,ExpectedWins20180331,PlayoffOdds20180401,ExpectedWins20180401,PlayoffOdds20180402,ExpectedWins20180402,PlayoffOdds20180403,ExpectedWins20180403,PlayoffOdds20180404,ExpectedWins20180404,PlayoffOdds20180405,ExpectedWins20180405,PlayoffOdds20180406,ExpectedWins20180406,PlayoffOdds20180407,ExpectedWins20180407,PlayoffOdds20180408,ExpectedWins20180408,PlayoffOdds20180409,ExpectedWins20180409,PlayoffOdds20180410,ExpectedWins20180410,PlayoffOdds20180411,ExpectedWins20180411
HOU,0.97658,56.0,0.98608,57.0,0.99218,59.0,0.99137,59.0,0.99119,59.0,0.99473,60.0,0.99436,60.0,0.98789,57.0,0.9888,57.0,0.99461,58.0,0.99431,58.0,0.99674,59.0,0.9905,57.0,0.98979,57.0,0.98463,55.0,0.98399,55.0,0.99044,56.0,0.9896,56.0,0.99378,57.0,0.99362,57.0,0.99711,58.0,0.99714,58.0,0.99713,58.0,0.99733,58.0,0.99907,58.0,0.99901,58.0,0.9996,59.0,0.99982,60.0,0.99977,60.0,0.99953,58.0,0.99965,58.0,0.99979,59.0,0.99989,59.0,0.99997,60.0,0.99996,60.0,0.99998,60.0,0.99997,60.0,0.99999,60.0,0.99999,60.0,0.99998,60.0,1.0,61.0,0.99999,61.0,1.0,62.0,1.0,62.0,1.0,62.0,1.0,62.0,1.0,62.0,1.0,62.0,1.0,63.0,1.0,63.0,1.0,63.0,1.0,63.0,1.0,63.0,1.0,63.0,1.0,64.0,1.0,64.0,1.0,64.0,1.0,64.0,1.0,65.0,1.0,65.0,1.0,65.0,1.0,66.0,1.0,66.0,1.0,66.0,1.0,66.0,1.0,65.0,1.0,65.0,1.0,63.0,1.0,63.0,1.0,63.0,1.0,62.0,1.0,62.0,1.0,62.0,1.0,61.0,1.0,59.0,1.0,59.0,1.0,60.0,1.0,60.0,1.0,60.0,1.0,60.0,1.0,59.0,1.0,59.0,1.0,58.0,1.0,58.0,1.0,58.0,1.0,58.0,1.0,59.0,1.0,59.0,1.0,59.0,1.0,59.0,1.0,59.0,1.0,58.0,1.0,58.0,1.0,58.0,1.0,59.0,1.0,59.0,1.0,59.0,1.0,59.0,1.0,59.0,1.0,59.0,1.0,60.0,1.0,60.0,1.0,59.0,1.0,59.0,1.0,59.0,1.0,59.0,1.0,60.0,1.0,60.0,1.0,60.0,1.0,60.0,1.0,60.0,1.0,60.0,1.0,60.0,1.0,61.0,1.0,61.0,1.0,61.0,1.0,62.0,1.0,62.0,1.0,62.0,1.0,62.0,1.0,62.0,1.0,63.0,1.0,63.0,1.0,63.0,1.0,63.0,1.0,63.0,1.0,63.0,1.0,63.0,1.0,63.0,1.0,63.0,1.0,63.0,1.0,63.0,1.0,63.0,1.0,64.0,1.0,64.0,1.0,64.0,1.0,64.0,1.0,64.0,1.0,64.0,1.0,64.0,1.0,64.0,1.0,64.0,1.0,65.0,1.0,65.0,1.0,64.0,1.0,64.0,1.0,64.0,1.0,64.0,1.0,64.0,1.0,64.0,1.0,65.0,1.0,65.0,1.0,65.0,1.0,65.0,1.0,65.0,1.0,65.0,1.0,65.0,1.0,66.0,1.0,66.0,1.0,66.0,1.0,66.0,1.0,66.0,1.0,66.0,1.0,66.0,1.0,66.0,1.0,67.0,1.0,67.0,1.0,66.0,1.0,66.0,1.0,66.0,1.0,66.0,1.0,66.0,1.0,66.0,1.0,66.0,1.0,66.0,1.0,66.0,1.0,66.0,1.0,65.0
GSW,0.99671,67.0,0.99065,62.0,0.99005,62.0,0.99015,62.0,0.99442,63.0,0.9842,60.0,0.98403,60.0,0.99062,61.0,0.9913,61.0,0.99614,62.0,0.99569,62.0,0.99752,63.0,0.99694,63.0,0.99146,60.0,0.99617,61.0,0.99604,61.0,0.99587,61.0,0.99781,62.0,0.99776,62.0,0.99882,62.0,0.99897,62.0,0.99948,63.0,0.99961,63.0,0.99978,64.0,0.99987,64.0,0.99982,64.0,0.99997,65.0,0.99993,65.0,0.99999,65.0,0.99999,65.0,1.0,65.0,0.99991,63.0,0.99997,63.0,0.99999,64.0,0.99998,64.0,1.0,64.0,1.0,64.0,0.99997,62.0,0.99997,62.0,1.0,63.0,1.0,63.0,0.99999,63.0,1.0,61.0,1.0,61.0,1.0,62.0,1.0,62.0,1.0,62.0,1.0,62.0,1.0,63.0,1.0,64.0,1.0,64.0,1.0,64.0,1.0,64.0,1.0,64.0,1.0,64.0,1.0,64.0,1.0,65.0,1.0,65.0,1.0,65.0,1.0,65.0,1.0,65.0,1.0,65.0,1.0,65.0,1.0,66.0,1.0,66.0,1.0,66.0,1.0,66.0,1.0,67.0,1.0,65.0,1.0,65.0,1.0,65.0,1.0,65.0,1.0,66.0,1.0,66.0,1.0,64.0,1.0,65.0,1.0,65.0,1.0,65.0,1.0,65.0,1.0,65.0,1.0,65.0,1.0,65.0,1.0,66.0,1.0,66.0,1.0,66.0,1.0,66.0,1.0,65.0,1.0,65.0,1.0,65.0,1.0,65.0,1.0,65.0,1.0,66.0,1.0,66.0,1.0,66.0,1.0,66.0,1.0,66.0,1.0,65.0,1.0,65.0,1.0,65.0,1.0,65.0,1.0,65.0,1.0,65.0,1.0,65.0,1.0,66.0,1.0,66.0,1.0,66.0,1.0,65.0,1.0,65.0,1.0,65.0,1.0,65.0,1.0,64.0,1.0,64.0,1.0,64.0,1.0,63.0,1.0,63.0,1.0,63.0,1.0,63.0,1.0,63.0,1.0,63.0,1.0,64.0,1.0,64.0,1.0,63.0,1.0,63.0,1.0,63.0,1.0,63.0,1.0,63.0,1.0,63.0,1.0,63.0,1.0,63.0,1.0,63.0,1.0,63.0,1.0,63.0,1.0,63.0,1.0,63.0,1.0,63.0,1.0,64.0,1.0,64.0,1.0,64.0,1.0,64.0,1.0,64.0,1.0,64.0,1.0,64.0,1.0,64.0,1.0,64.0,1.0,63.0,1.0,63.0,1.0,63.0,1.0,63.0,1.0,63.0,1.0,63.0,1.0,63.0,1.0,62.0,1.0,62.0,1.0,62.0,1.0,61.0,1.0,61.0,1.0,61.0,1.0,61.0,1.0,62.0,1.0,62.0,1.0,61.0,1.0,61.0,1.0,60.0,1.0,60.0,1.0,59.0,1.0,59.0,1.0,59.0,1.0,60.0,1.0,60.0,1.0,60.0,1.0,60.0,1.0,59.0,1.0,59.0,1.0,58.0,1.0,59.0,1.0,59.0,1.0,58.0,1.0,58.0
POR,0.49697,41.0,0.49657,41.0,0.60006,43.0,0.59239,43.0,0.68605,44.0,0.56687,43.0,0.557,43.0,0.56088,43.0,0.66855,44.0,0.70125,44.0,0.59533,43.0,0.58295,43.0,0.63307,44.0,0.62253,44.0,0.56893,42.0,0.55988,42.0,0.45198,41.0,0.54524,42.0,0.53756,42.0,0.52868,42.0,0.64794,44.0,0.64856,44.0,0.56021,42.0,0.56877,42.0,0.5895,42.0,0.52019,41.0,0.5196,41.0,0.5113,41.0,0.6273,42.0,0.62642,42.0,0.74129,43.0,0.74153,43.0,0.71195,42.0,0.80056,43.0,0.80277,43.0,0.87884,44.0,0.87336,44.0,0.80666,43.0,0.80666,43.0,0.86647,44.0,0.90589,45.0,0.90782,45.0,0.93491,46.0,0.93195,46.0,0.94443,46.0,0.91336,45.0,0.90885,45.0,0.86299,44.0,0.86122,44.0,0.86922,44.0,0.81965,43.0,0.81549,43.0,0.84028,43.0,0.84871,43.0,0.79502,42.0,0.7827,42.0,0.72639,41.0,0.72348,41.0,0.78437,42.0,0.78451,42.0,0.84698,43.0,0.92353,44.0,0.92351,44.0,0.91044,43.0,0.91763,43.0,0.88587,42.0,0.86965,42.0,0.77486,41.0,0.8664,42.0,0.8664,42.0,0.86602,42.0,0.86308,42.0,0.87084,42.0,0.9161,43.0,0.90334,43.0,0.86416,42.0,0.84138,42.0,0.89964,43.0,0.82415,42.0,0.80284,42.0,0.83651,42.0,0.89621,43.0,0.93071,43.0,0.96162,43.0,0.94354,43.0,0.96918,44.0,0.94851,43.0,0.9343,43.0,0.87013,43.0,0.8559,43.0,0.76447,42.0,0.73095,42.0,0.7658,42.0,0.79048,42.0,0.86462,43.0,0.88897,43.0,0.93647,44.0,0.93629,44.0,0.8851,43.0,0.88539,43.0,0.94943,44.0,0.94035,44.0,0.95405,45.0,0.944,45.0,0.92883,45.0,0.94119,45.0,0.98665,45.0,0.99489,46.0,0.99365,46.0,0.98243,45.0,0.97387,45.0,0.94811,44.0,0.87989,44.0,0.87908,44.0,0.87712,44.0,0.93827,44.0,0.979,45.0,0.97356,45.0,0.93885,44.0,0.89401,44.0,0.88074,44.0,0.89996,45.0,0.88761,45.0,0.88761,45.0,0.88761,45.0,0.88761,45.0,0.88761,45.0,0.88761,45.0,0.88761,45.0,0.91575,45.0,0.93649,45.0,0.97488,46.0,0.9734,46.0,0.97003,46.0,0.99076,47.0,0.99429,47.0,0.99876,47.0,0.9963,47.0,0.99894,48.0,0.99769,48.0,0.99962,48.0,0.99998,49.0,1.0,49.0,1.0,49.0,1.0,49.0,1.0,49.0,1.0,49.0,1.0,50.0,1.0,50.0,1.0,50.0,1.0,50.0,1.0,50.0,1.0,51.0,1.0,51.0,1.0,51.0,1.0,50.0,1.0,50.0,1.0,50.0,1.0,50.0,1.0,50.0,1.0,50.0,1.0,50.0,1.0,51.0,1.0,50.0,1.0,50.0,1.0,50.0,1.0,50.0,1.0,51.0,1.0,51.0,1.0,50.0,1.0,50.0,1.0,50.0,1.0,50.0,1.0,49.0,1.0,49.0,1.0,49.0,1.0,49.0,1.0,49.0
OKC,0.93688,52.0,0.93682,52.0,0.93827,52.0,0.95847,54.0,0.95922,54.0,0.92029,51.0,0.86887,49.0,0.86975,49.0,0.87876,49.0,0.92831,50.0,0.92331,50.0,0.87201,48.0,0.89357,50.0,0.88942,50.0,0.90858,50.0,0.93539,51.0,0.93572,51.0,0.93438,51.0,0.88904,49.0,0.88554,49.0,0.83945,47.0,0.8399,47.0,0.76894,46.0,0.77663,46.0,0.7004,44.0,0.80155,45.0,0.80171,45.0,0.85566,46.0,0.86555,46.0,0.86354,46.0,0.91804,47.0,0.91817,47.0,0.89842,46.0,0.9006,46.0,0.90324,46.0,0.86527,45.0,0.86069,45.0,0.89962,46.0,0.89962,46.0,0.84552,44.0,0.75548,43.0,0.75919,43.0,0.73936,43.0,0.73605,43.0,0.66953,42.0,0.66495,42.0,0.74518,43.0,0.74266,43.0,0.81326,44.0,0.82347,44.0,0.88955,45.0,0.88695,45.0,0.8478,43.0,0.85707,43.0,0.91297,44.0,0.90671,44.0,0.87025,43.0,0.86903,43.0,0.90187,44.0,0.90187,44.0,0.93485,45.0,0.91556,44.0,0.91558,44.0,0.96193,45.0,0.96628,45.0,0.98378,45.0,0.98003,45.0,0.98723,46.0,0.99407,47.0,0.99407,47.0,0.99707,48.0,0.99706,48.0,0.99881,48.0,0.9986,48.0,0.99665,47.0,0.99729,47.0,0.99266,46.0,0.992,46.0,0.99076,46.0,0.99481,47.0,0.99842,48.0,0.99832,48.0,0.99917,48.0,0.99787,47.0,0.99687,47.0,0.99292,46.0,0.9856,45.0,0.98162,45.0,0.97575,45.0,0.9866,46.0,0.98514,46.0,0.99133,46.0,0.98545,46.0,0.9948,47.0,0.99414,47.0,0.99595,47.0,0.9983,47.0,0.99819,47.0,0.99835,47.0,0.99937,48.0,0.99962,48.0,0.9998,49.0,0.99968,49.0,0.99986,49.0,0.99992,50.0,0.99997,50.0,0.99998,49.0,0.99998,49.0,0.99982,48.0,0.99944,47.0,0.99891,47.0,0.99708,46.0,0.99629,46.0,0.99902,47.0,0.99899,47.0,0.99594,46.0,0.99735,46.0,0.99634,46.0,0.99894,47.0,0.99778,47.0,0.99044,46.0,0.99303,46.0,0.99146,46.0,0.99146,46.0,0.99146,46.0,0.99146,46.0,0.99146,46.0,0.99146,46.0,0.99146,46.0,0.99862,47.0,0.99639,47.0,0.98685,46.0,0.98629,46.0,0.99535,47.0,0.99481,47.0,0.99938,47.0,0.99943,47.0,0.99977,48.0,0.99736,47.0,0.99419,47.0,0.9937,47.0,0.99337,46.0,0.99567,46.0,0.9994,47.0,0.9973,47.0,0.99949,47.0,0.9985,47.0,0.99991,48.0,0.99998,48.0,0.99998,48.0,1.0,48.0,1.0,49.0,1.0,49.0,1.0,49.0,1.0,49.0,1.0,48.0,1.0,48.0,1.0,48.0,1.0,49.0,1.0,49.0,1.0,48.0,1.0,48.0,1.0,48.0,1.0,48.0,1.0,48.0,1.0,47.0,1.0,47.0,1.0,47.0,1.0,47.0,1.0,47.0,1.0,47.0,1.0,47.0,1.0,47.0,1.0,47.0,1.0,47.0,1.0,48.0,1.0,48.0,1.0,48.0
UTH,0.46939,41.0,0.46881,41.0,0.57858,43.0,0.57079,43.0,0.46825,41.0,0.53608,42.0,0.52644,42.0,0.52799,42.0,0.43844,41.0,0.38194,39.0,0.36559,39.0,0.35256,39.0,0.40456,41.0,0.39375,41.0,0.53993,42.0,0.53116,42.0,0.62374,44.0,0.61493,44.0,0.50481,42.0,0.49844,42.0,0.41863,41.0,0.41917,41.0,0.32998,40.0,0.33904,40.0,0.35775,40.0,0.29741,38.0,0.38708,40.0,0.3788,40.0,0.29841,38.0,0.29819,38.0,0.23433,37.0,0.23459,37.0,0.20303,36.0,0.28138,37.0,0.28719,37.0,0.21414,36.0,0.20974,36.0,0.27286,38.0,0.27286,38.0,0.25768,38.0,0.3478,39.0,0.34808,39.0,0.32879,39.0,0.43151,40.0,0.47366,40.0,0.57556,41.0,0.67637,42.0,0.67212,42.0,0.66358,42.0,0.77725,43.0,0.71068,42.0,0.70097,42.0,0.63113,41.0,0.64954,41.0,0.55466,40.0,0.53154,40.0,0.5752,40.0,0.57135,40.0,0.41319,39.0,0.4106,39.0,0.51687,40.0,0.43823,39.0,0.43817,39.0,0.3787,38.0,0.41822,38.0,0.33431,37.0,0.42834,38.0,0.3732,38.0,0.23318,38.0,0.23318,38.0,0.23224,38.0,0.14855,37.0,0.08794,36.0,0.07563,36.0,0.08163,36.0,0.16607,37.0,0.15027,37.0,0.13866,37.0,0.13027,37.0,0.065,36.0,0.07463,36.0,0.03606,35.0,0.05528,35.0,0.02948,35.0,0.0194,35.0,0.01846,35.0,0.0399,36.0,0.03172,36.0,0.0116,35.0,0.01022,35.0,0.00978,35.0,0.0029,34.0,0.00149,34.0,0.00375,35.0,0.0036,35.0,0.00179,34.0,0.00347,35.0,0.0035,35.0,0.00095,35.0,0.00093,35.0,0.00284,35.0,0.00176,35.0,0.00203,36.0,0.00122,36.0,0.0011,36.0,0.00154,36.0,0.00871,37.0,0.00868,37.0,0.00589,37.0,0.0107,38.0,0.01382,38.0,0.01414,38.0,0.02502,39.0,0.02532,39.0,0.05276,40.0,0.04919,40.0,0.10735,40.0,0.0889,40.0,0.16042,41.0,0.18849,42.0,0.16475,42.0,0.17963,42.0,0.15472,42.0,0.15472,42.0,0.15472,42.0,0.15472,42.0,0.15472,42.0,0.15472,42.0,0.15472,42.0,0.18899,42.0,0.04001,42.0,0.0802,42.0,0.07432,42.0,0.01945,42.0,0.02368,42.0,0.03336,42.0,0.03279,42.0,0.03209,42.0,0.04281,43.0,0.02883,43.0,0.06738,43.0,0.15648,43.0,0.40209,44.0,0.40544,44.0,0.42723,44.0,0.34881,44.0,0.48049,45.0,0.54119,45.0,0.65853,46.0,0.65853,46.0,0.89013,46.0,0.93079,46.0,0.99613,47.0,0.99832,47.0,0.99965,47.0,0.99944,46.0,0.99629,46.0,0.99974,46.0,0.9826,46.0,0.98251,46.0,0.99898,46.0,0.99999,46.0,1.0,46.0,0.9963,46.0,0.9963,46.0,1.0,46.0,1.0,46.0,1.0,47.0,1.0,47.0,1.0,47.0,1.0,47.0,1.0,48.0,1.0,48.0,1.0,48.0,1.0,48.0,1.0,48.0,1.0,49.0,1.0,48.0
NOP,0.47189,41.0,0.4714,41.0,0.37607,39.0,0.36697,39.0,0.27528,38.0,0.25269,38.0,0.32754,39.0,0.3291,39.0,0.25602,38.0,0.28967,38.0,0.36392,39.0,0.35121,39.0,0.40343,41.0,0.3938,41.0,0.34025,40.0,0.33429,40.0,0.24089,38.0,0.2358,38.0,0.30646,40.0,0.39333,41.0,0.41768,41.0,0.41841,41.0,0.52644,42.0,0.53637,42.0,0.44808,41.0,0.48344,41.0,0.58559,42.0,0.5773,42.0,0.69111,43.0,0.68981,43.0,0.62147,42.0,0.62194,42.0,0.57866,41.0,0.58101,41.0,0.58705,41.0,0.71152,42.0,0.70662,42.0,0.77684,43.0,0.77684,43.0,0.84209,44.0,0.75504,43.0,0.75668,43.0,0.73947,43.0,0.73211,43.0,0.6726,42.0,0.66383,42.0,0.54587,41.0,0.65568,42.0,0.64441,42.0,0.55072,41.0,0.57448,41.0,0.68035,42.0,0.71635,42.0,0.62578,41.0,0.64591,41.0,0.73707,42.0,0.67371,41.0,0.66835,41.0,0.73893,42.0,0.73816,42.0,0.60977,41.0,0.66181,41.0,0.66189,41.0,0.72403,41.0,0.6474,40.0,0.68232,40.0,0.6444,40.0,0.71438,41.0,0.8188,42.0,0.8188,42.0,0.81836,42.0,0.82185,42.0,0.89874,43.0,0.89286,43.0,0.81832,42.0,0.74606,41.0,0.71195,41.0,0.69769,41.0,0.67279,41.0,0.76304,42.0,0.80234,42.0,0.79757,42.0,0.78028,41.0,0.78801,41.0,0.81842,42.0,0.81422,42.0,0.70845,41.0,0.65817,41.0,0.74696,42.0,0.72423,42.0,0.8239,43.0,0.79886,43.0,0.829,43.0,0.75108,42.0,0.73253,42.0,0.78051,42.0,0.86796,43.0,0.86886,43.0,0.92691,44.0,0.92732,44.0,0.97083,45.0,0.96531,45.0,0.9733,45.0,0.96825,45.0,0.91935,44.0,0.93384,44.0,0.93433,44.0,0.93379,44.0,0.91782,44.0,0.95734,44.0,0.8685,44.0,0.87154,44.0,0.70967,43.0,0.70892,43.0,0.69803,43.0,0.68398,43.0,0.50696,42.0,0.66377,43.0,0.63879,43.0,0.69135,44.0,0.65972,44.0,0.70032,44.0,0.66397,44.0,0.66397,44.0,0.66397,44.0,0.66397,44.0,0.66397,44.0,0.66397,44.0,0.66397,44.0,0.72267,44.0,0.80014,45.0,0.77225,45.0,0.89652,45.0,0.96213,46.0,0.96118,46.0,0.9938,46.0,0.99305,46.0,0.98135,46.0,0.97097,46.0,0.98672,47.0,0.98373,47.0,0.99887,48.0,0.99991,48.0,0.99993,48.0,0.99784,47.0,0.99693,47.0,0.97121,47.0,0.97908,47.0,0.99107,47.0,0.99107,47.0,0.96838,47.0,0.98292,47.0,0.96977,46.0,0.99824,47.0,0.9997,47.0,1.0,47.0,1.0,48.0,1.0,48.0,1.0,48.0,1.0,47.0,1.0,47.0,1.0,47.0,1.0,47.0,1.0,47.0,1.0,47.0,1.0,46.0,1.0,46.0,0.99993,46.0,0.99993,46.0,0.99049,46.0,1.0,46.0,0.99997,46.0,1.0,47.0,1.0,47.0,1.0,47.0,1.0,48.0,1.0,48.0,1.0,48.0
SAN,0.95697,54.0,0.95697,54.0,0.97374,56.0,0.97331,56.0,0.97305,56.0,0.98118,57.0,0.98024,57.0,0.98844,58.0,0.98944,58.0,0.9953,59.0,0.99475,59.0,0.98805,57.0,0.98459,57.0,0.96891,54.0,0.95581,52.0,0.95391,52.0,0.95337,52.0,0.91863,50.0,0.943,51.0,0.94155,51.0,0.96675,52.0,0.9669,52.0,0.98013,53.0,0.98078,53.0,0.98316,53.0,0.97295,52.0,0.98421,53.0,0.98325,53.0,0.98479,53.0,0.9915,54.0,0.98489,52.0,0.98491,52.0,0.99411,53.0,0.99438,53.0,0.99456,53.0,0.99757,54.0,0.99742,54.0,0.99434,52.0,0.99434,52.0,0.99405,52.0,0.9964,53.0,0.99647,53.0,0.99776,54.0,0.99776,54.0,0.99928,54.0,0.99917,54.0,0.99961,55.0,0.99963,55.0,0.99897,54.0,0.99965,55.0,0.99972,55.0,0.99984,55.0,0.99988,55.0,0.99997,56.0,1.0,57.0,0.99999,57.0,1.0,57.0,0.99995,55.0,0.99998,55.0,0.99996,55.0,0.9999,54.0,0.99998,55.0,0.99998,55.0,0.99999,55.0,1.0,55.0,1.0,56.0,1.0,55.0,0.99999,55.0,0.99999,55.0,0.99999,55.0,0.99999,55.0,1.0,56.0,1.0,56.0,1.0,56.0,1.0,56.0,1.0,55.0,1.0,55.0,1.0,55.0,1.0,56.0,1.0,55.0,1.0,55.0,1.0,55.0,1.0,55.0,1.0,54.0,1.0,55.0,1.0,55.0,1.0,55.0,1.0,54.0,1.0,54.0,1.0,54.0,1.0,54.0,1.0,53.0,1.0,53.0,1.0,54.0,1.0,54.0,1.0,53.0,1.0,53.0,1.0,52.0,1.0,52.0,1.0,52.0,1.0,53.0,1.0,53.0,1.0,52.0,1.0,52.0,1.0,52.0,1.0,52.0,1.0,53.0,1.0,53.0,1.0,52.0,1.0,52.0,1.0,51.0,1.0,51.0,1.0,51.0,1.0,51.0,1.0,52.0,1.0,52.0,1.0,52.0,1.0,51.0,1.0,51.0,1.0,50.0,0.99998,49.0,0.99995,49.0,0.99997,49.0,0.99997,49.0,0.99997,49.0,0.99997,49.0,0.99997,49.0,0.99997,49.0,0.99997,49.0,1.0,49.0,0.99974,48.0,0.99958,48.0,0.99999,49.0,0.99997,49.0,0.99996,49.0,0.9999,48.0,0.99993,48.0,0.99962,48.0,0.99691,47.0,0.99423,47.0,0.99847,48.0,0.99962,48.0,0.99974,48.0,0.99842,47.0,0.99417,47.0,0.9623,46.0,0.92727,46.0,0.78787,46.0,0.85233,46.0,0.85233,46.0,0.96998,47.0,0.98519,47.0,0.99933,47.0,0.99986,47.0,1.0,48.0,1.0,48.0,1.0,48.0,1.0,48.0,1.0,48.0,1.0,48.0,1.0,48.0,1.0,48.0,1.0,47.0,1.0,47.0,1.0,48.0,1.0,48.0,1.0,48.0,1.0,48.0,1.0,48.0,1.0,47.0,1.0,47.0,1.0,47.0,1.0,47.0,1.0,47.0,1.0,47.0,1.0,48.0,1.0,48.0,1.0,47.0
MIN,0.80499,47.0,0.8048,47.0,0.72699,45.0,0.71831,45.0,0.79241,47.0,0.77704,47.0,0.83215,48.0,0.83309,48.0,0.76911,46.0,0.71695,45.0,0.70223,45.0,0.76695,46.0,0.73076,46.0,0.72246,46.0,0.82589,47.0,0.82116,47.0,0.87049,49.0,0.86792,49.0,0.8624,49.0,0.9016,50.0,0.94237,51.0,0.94259,51.0,0.94442,51.0,0.91562,49.0,0.92044,49.0,0.93137,49.0,0.89323,48.0,0.88928,48.0,0.93319,49.0,0.93298,49.0,0.96247,50.0,0.96256,50.0,0.98237,51.0,0.9836,51.0,0.97318,49.0,0.95973,48.0,0.95795,48.0,0.97314,49.0,0.97314,49.0,0.95251,47.0,0.9462,47.0,0.96854,48.0,0.96428,48.0,0.93913,47.0,0.96873,48.0,0.96877,48.0,0.94362,47.0,0.94315,47.0,0.96413,48.0,0.94503,47.0,0.95063,47.0,0.97008,47.0,0.97617,47.0,0.97801,47.0,0.97931,47.0,0.98826,48.0,0.99099,48.0,0.98196,47.0,0.979,47.0,0.98904,48.0,0.98642,48.0,0.9818,47.0,0.9818,47.0,0.99351,48.0,0.99421,48.0,0.99823,48.0,0.9976,48.0,0.99708,48.0,0.99868,49.0,0.99868,49.0,0.99945,50.0,0.99957,50.0,0.99984,50.0,0.99957,49.0,0.99948,49.0,0.99957,49.0,0.99983,50.0,0.99988,51.0,0.99992,51.0,0.99979,50.0,0.99986,50.0,0.99953,49.0,0.99993,49.0,0.99993,49.0,0.99998,50.0,0.99998,50.0,0.99999,51.0,1.0,51.0,1.0,51.0,1.0,51.0,1.0,52.0,1.0,52.0,0.99999,51.0,0.99998,51.0,0.99996,50.0,0.99998,50.0,1.0,51.0,1.0,51.0,1.0,51.0,1.0,51.0,1.0,50.0,0.99999,49.0,0.99995,49.0,0.99998,50.0,1.0,50.0,0.99999,49.0,0.99999,48.0,0.99999,48.0,1.0,49.0,1.0,49.0,1.0,50.0,1.0,50.0,0.99999,50.0,0.99999,50.0,0.99998,49.0,0.99998,49.0,0.99997,48.0,0.99996,48.0,1.0,49.0,1.0,49.0,0.99986,48.0,0.99945,48.0,0.99985,48.0,0.99985,48.0,0.99985,48.0,0.99985,48.0,0.99985,48.0,0.99985,48.0,0.99985,48.0,0.9999,48.0,0.99918,48.0,0.99983,48.0,0.99983,48.0,0.99998,49.0,1.0,49.0,0.99999,49.0,0.99996,48.0,0.99907,47.0,0.99828,47.0,0.99616,47.0,0.99547,47.0,0.99892,47.0,0.99913,47.0,0.99518,47.0,0.98214,47.0,0.97249,47.0,0.98769,47.0,0.98927,47.0,0.99415,48.0,0.99415,48.0,0.99733,48.0,0.99896,48.0,0.99828,47.0,0.99559,46.0,0.99899,46.0,1.0,47.0,0.99991,47.0,0.99991,47.0,0.99999,47.0,0.99978,47.0,0.99975,47.0,0.99992,46.0,0.99997,46.0,1.0,46.0,1.0,46.0,1.0,47.0,1.0,47.0,1.0,46.0,1.0,46.0,1.0,46.0,1.0,46.0,0.9221,46.0,1.0,46.0,0.99999,46.0,0.99999,46.0,0.94209,47.0,0.94209,47.0,1.0,47.0
DEN,0.65352,44.0,0.65344,44.0,0.55962,43.0,0.5484,43.0,0.55067,43.0,0.61764,44.0,0.6084,44.0,0.50426,42.0,0.51903,42.0,0.44989,41.0,0.43469,41.0,0.51999,42.0,0.47153,42.0,0.55848,44.0,0.50318,42.0,0.49577,42.0,0.58538,43.0,0.5775,43.0,0.65847,45.0,0.54916,43.0,0.57689,43.0,0.57724,43.0,0.67888,44.0,0.68496,44.0,0.77992,46.0,0.80403,46.0,0.8624,47.0,0.85861,47.0,0.8076,45.0,0.8063,45.0,0.82362,45.0,0.82386,45.0,0.90631,46.0,0.90844,46.0,0.86459,45.0,0.9213,46.0,0.91879,46.0,0.86544,45.0,0.86544,45.0,0.90882,46.0,0.89789,46.0,0.90103,46.0,0.89157,46.0,0.83091,45.0,0.85486,45.0,0.90086,46.0,0.89627,46.0,0.93429,47.0,0.93163,47.0,0.89853,45.0,0.90708,45.0,0.85493,44.0,0.87548,44.0,0.92651,45.0,0.93166,45.0,0.88647,44.0,0.9008,44.0,0.93784,45.0,0.88763,44.0,0.88729,44.0,0.92209,45.0,0.93717,45.0,0.93718,45.0,0.92369,44.0,0.93239,44.0,0.90803,43.0,0.89225,43.0,0.92213,44.0,0.95898,45.0,0.95898,45.0,0.95874,45.0,0.97903,45.0,0.96713,44.0,0.96439,44.0,0.95871,44.0,0.93379,44.0,0.92155,44.0,0.91572,44.0,0.90662,44.0,0.94169,44.0,0.95479,44.0,0.97351,45.0,0.97094,44.0,0.97124,44.0,0.92753,43.0,0.92555,43.0,0.86819,43.0,0.84089,43.0,0.89234,43.0,0.79828,42.0,0.7958,42.0,0.75915,42.0,0.79813,43.0,0.6904,42.0,0.66288,42.0,0.55212,42.0,0.55516,42.0,0.55564,42.0,0.72867,42.0,0.72828,42.0,0.77752,42.0,0.85175,43.0,0.78238,43.0,0.85496,44.0,0.80677,44.0,0.71593,43.0,0.705,42.0,0.7028,42.0,0.79588,43.0,0.78591,43.0,0.81334,43.0,0.81934,43.0,0.87698,44.0,0.87607,44.0,0.87026,44.0,0.85989,44.0,0.73334,43.0,0.84845,44.0,0.83618,44.0,0.74443,44.0,0.85224,45.0,0.74987,45.0,0.85791,45.0,0.85791,45.0,0.85791,45.0,0.85791,45.0,0.85791,45.0,0.85791,45.0,0.85791,45.0,0.89224,45.0,0.92918,46.0,0.91606,46.0,0.81822,45.0,0.83263,45.0,0.59703,44.0,0.72634,44.0,0.72631,44.0,0.73958,45.0,0.83598,45.0,0.75195,45.0,0.72199,45.0,0.65532,45.0,0.33827,44.0,0.33781,44.0,0.33672,45.0,0.27932,45.0,0.346,45.0,0.3761,45.0,0.05642,45.0,0.05642,45.0,0.07918,45.0,0.08219,45.0,0.01276,45.0,0.00689,45.0,0.00031,44.0,0.00044,44.0,0.00338,44.0,0.00032,44.0,0.01741,45.0,0.01771,45.0,0.00127,45.0,9e-05,44.0,0.0,44.0,0.0,44.0,0.0,44.0,0.0,44.0,0.0,44.0,7e-05,45.0,7e-05,45.0,0.00951,45.0,0.0,45.0,0.07793,46.0,0.0,46.0,1e-05,46.0,1e-05,46.0,0.05791,47.0,0.05791,47.0,0.0,46.0
LAC,0.64028,44.0,0.63965,44.0,0.64555,44.0,0.72105,46.0,0.72441,46.0,0.77691,47.0,0.76992,47.0,0.7712,47.0,0.84361,49.0,0.86311,49.0,0.90151,50.0,0.8957,50.0,0.81712,48.0,0.81083,48.0,0.76766,46.0,0.76215,46.0,0.82452,48.0,0.82038,48.0,0.81387,48.0,0.72824,46.0,0.65896,45.0,0.65946,45.0,0.56624,43.0,0.57523,43.0,0.59534,43.0,0.52295,42.0,0.41895,40.0,0.41141,40.0,0.32541,39.0,0.32446,39.0,0.34337,39.0,0.34345,39.0,0.30004,38.0,0.21665,37.0,0.22192,37.0,0.15867,36.0,0.1555,36.0,0.20596,37.0,0.20596,37.0,0.19244,37.0,0.2602,38.0,0.25989,38.0,0.32864,39.0,0.32435,39.0,0.36162,39.0,0.26055,38.0,0.24864,38.0,0.17004,37.0,0.1074,36.0,0.11145,36.0,0.12124,36.0,0.07521,35.0,0.08763,35.0,0.09338,35.0,0.15023,36.0,0.14059,36.0,0.23413,37.0,0.22999,37.0,0.2821,38.0,0.28164,38.0,0.17693,37.0,0.1347,36.0,0.13485,36.0,0.10226,36.0,0.11676,36.0,0.19364,37.0,0.17572,37.0,0.22602,38.0,0.12758,37.0,0.12758,37.0,0.12662,37.0,0.18971,38.0,0.17582,38.0,0.15221,38.0,0.24119,38.0,0.29235,38.0,0.38203,39.0,0.35612,39.0,0.47516,40.0,0.43271,40.0,0.33336,39.0,0.29874,39.0,0.26362,39.0,0.25171,39.0,0.29421,39.0,0.27966,39.0,0.44929,40.0,0.55325,41.0,0.5032,41.0,0.62477,42.0,0.6209,42.0,0.71681,42.0,0.62014,42.0,0.76951,43.0,0.74226,43.0,0.78067,43.0,0.63864,42.0,0.63752,42.0,0.46002,42.0,0.45871,42.0,0.29976,41.0,0.24104,41.0,0.28861,42.0,0.23173,42.0,0.34403,42.0,0.40754,42.0,0.36534,41.0,0.35987,41.0,0.28694,41.0,0.26418,41.0,0.33156,42.0,0.34979,42.0,0.51216,43.0,0.5116,43.0,0.50286,43.0,0.47275,43.0,0.67603,43.0,0.42902,43.0,0.42682,43.0,0.48394,43.0,0.45227,43.0,0.47779,44.0,0.44451,44.0,0.44451,44.0,0.44451,44.0,0.44451,44.0,0.44451,44.0,0.44451,44.0,0.44451,44.0,0.28183,43.0,0.29887,44.0,0.27035,44.0,0.25143,44.0,0.22046,44.0,0.43258,44.0,0.25294,44.0,0.24977,44.0,0.25222,44.0,0.15875,44.0,0.25023,45.0,0.23964,45.0,0.19744,44.0,0.26519,44.0,0.26382,44.0,0.2646,45.0,0.44066,45.0,0.28884,45.0,0.32658,45.0,0.44752,46.0,0.44752,46.0,0.095,45.0,0.01995,45.0,0.02373,45.0,0.0011,44.0,0.00135,44.0,0.00012,43.0,0.00042,44.0,3e-05,44.0,0.0,43.0,0.0,43.0,0.0,44.0,0.0,44.0,3e-05,44.0,0.0037,45.0,0.0037,45.0,0.0,44.0,0.0,44.0,0.0,44.0,0.0,44.0,0.0,44.0,0.0,44.0,0.0,44.0,0.0,44.0,0.0,43.0,0.0,43.0,0.0,43.0,0.0,43.0,0.0,42.0
LAK,0.08825,32.0,0.08824,32.0,0.08994,32.0,0.05571,31.0,0.09097,33.0,0.08125,33.0,0.05066,32.0,0.05041,32.0,0.05392,32.0,0.1032,34.0,0.09615,34.0,0.05915,32.0,0.02992,31.0,0.02796,31.0,0.0351,31.0,0.05653,33.0,0.05536,33.0,0.03309,32.0,0.05309,34.0,0.05199,34.0,0.09158,35.0,0.09196,35.0,0.09482,35.0,0.06473,34.0,0.04438,33.0,0.05077,33.0,0.03204,32.0,0.03004,32.0,0.05377,33.0,0.05404,33.0,0.0365,32.0,0.03655,32.0,0.03023,32.0,0.03041,32.0,0.05339,33.0,0.05348,33.0,0.08597,34.0,0.05037,33.0,0.05037,33.0,0.04627,33.0,0.04467,33.0,0.04406,33.0,0.02342,33.0,0.02335,33.0,0.01662,32.0,0.0159,32.0,0.01455,32.0,0.00797,31.0,0.00412,30.0,0.00417,30.0,0.00447,30.0,0.00424,30.0,0.01084,31.0,0.01208,31.0,0.02475,33.0,0.02236,33.0,0.02589,33.0,0.01456,32.0,0.01141,32.0,0.00578,31.0,0.0048,31.0,0.00612,31.0,0.00612,31.0,0.00404,30.0,0.00508,30.0,0.01142,31.0,0.01002,31.0,0.00385,31.0,0.00149,30.0,0.00149,30.0,0.00067,29.0,0.00073,29.0,0.00021,29.0,0.00019,29.0,8e-05,28.0,6e-05,28.0,4e-05,28.0,2e-05,27.0,0.0,27.0,0.0,26.0,0.0,26.0,0.0,26.0,0.0,26.0,0.0,27.0,0.0,27.0,0.0,28.0,0.0,28.0,0.0,29.0,0.0,29.0,0.0,30.0,1e-05,30.0,0.0,29.0,0.0,29.0,0.0,29.0,0.0,29.0,0.0,30.0,0.0,30.0,0.0,31.0,0.0,31.0,0.0,32.0,0.0,32.0,0.0,32.0,0.0,32.0,0.0,32.0,0.0,32.0,0.0,32.0,0.0,32.0,0.0,31.0,0.0,31.0,0.0,32.0,0.0,32.0,0.0,33.0,0.0,33.0,0.0,34.0,0.0,34.0,0.0,35.0,0.0,35.0,0.0,34.0,0.0,34.0,0.0,34.0,0.0,34.0,0.0,34.0,0.0,33.0,0.0,33.0,0.0,33.0,0.0,33.0,0.0,33.0,0.0,33.0,0.0,33.0,0.0,33.0,0.0,34.0,0.0,35.0,0.0,35.0,0.0,35.0,0.0,35.0,0.0,35.0,0.0,36.0,0.0,36.0,0.0,37.0,0.0,37.0,0.0,36.0,0.0,36.0,0.0,37.0,0.0,37.0,0.0,36.0,0.0,36.0,0.0,37.0,0.0,37.0,0.0,38.0,0.0,37.0,0.0,37.0,0.0,37.0,0.0,37.0,0.0,37.0,0.0,36.0,0.0,36.0,0.0,36.0,0.0,36.0,0.0,36.0,0.0,36.0,0.0,36.0,0.0,36.0,0.0,36.0,0.0,36.0,0.0,36.0,0.0,36.0,0.0,36.0,0.0,36.0,0.0,36.0,0.0,35.0,0.0,36.0,0.0,36.0,0.0,35.0,0.0,35.0,0.0,35.0,0.0,35.0,0.0,34.0,0.0,35.0
SAC,0.05053,30.0,0.05045,30.0,0.03284,29.0,0.03115,29.0,0.05408,31.0,0.0303,30.0,0.02874,30.0,0.01745,28.0,0.01849,28.0,0.02231,28.0,0.01237,27.0,0.0116,27.0,0.00888,27.0,0.00462,26.0,0.00597,26.0,0.00277,25.0,0.00157,24.0,0.00147,24.0,0.00132,24.0,0.00058,23.0,0.00072,23.0,0.00073,23.0,0.00151,25.0,0.00176,25.0,0.00441,27.0,0.00518,27.0,0.00261,26.0,0.00251,26.0,0.0012,25.0,0.00132,25.0,0.00072,25.0,0.00072,25.0,0.00225,26.0,0.00161,25.0,0.00128,25.0,0.00064,25.0,0.00057,25.0,0.00133,26.0,0.00133,26.0,0.00108,26.0,0.0005,26.0,0.00042,26.0,0.0009,27.0,0.00039,26.0,0.00054,26.0,0.00055,26.0,0.001,28.0,0.00046,27.0,0.00044,27.0,0.00053,27.0,0.00058,27.0,0.00023,26.0,0.00029,26.0,0.00082,28.0,0.00093,28.0,0.0004,27.0,0.00036,27.0,0.00097,28.0,0.00063,28.0,0.00029,28.0,0.00023,28.0,0.00034,28.0,0.00013,27.0,0.00014,27.0,0.00065,28.0,0.00163,29.0,0.00141,29.0,0.00099,29.0,0.00045,29.0,0.00045,29.0,0.00045,29.0,0.00013,28.0,0.00031,29.0,0.00021,29.0,0.0001,29.0,0.00011,29.0,7e-05,28.0,3e-05,28.0,1e-05,27.0,1e-05,27.0,0.0,27.0,1e-05,27.0,4e-05,28.0,3e-05,28.0,0.0,28.0,0.0,27.0,0.0,27.0,0.0,27.0,0.0,27.0,0.0,26.0,0.0,26.0,0.0,26.0,0.0,26.0,0.0,25.0,0.0,25.0,0.0,25.0,0.0,25.0,0.0,25.0,0.0,24.0,0.0,25.0,0.0,25.0,0.0,26.0,0.0,26.0,0.0,26.0,0.0,26.0,0.0,26.0,0.0,27.0,0.0,27.0,0.0,27.0,0.0,26.0,0.0,26.0,0.0,26.0,0.0,27.0,0.0,27.0,0.0,27.0,0.0,27.0,0.0,26.0,0.0,26.0,0.0,26.0,0.0,26.0,0.0,27.0,0.0,26.0,0.0,26.0,0.0,26.0,0.0,26.0,0.0,26.0,0.0,26.0,0.0,26.0,0.0,26.0,0.0,26.0,0.0,26.0,0.0,25.0,0.0,25.0,0.0,25.0,0.0,25.0,0.0,25.0,0.0,26.0,0.0,26.0,0.0,25.0,0.0,26.0,0.0,26.0,0.0,26.0,0.0,26.0,0.0,26.0,0.0,26.0,0.0,26.0,0.0,26.0,0.0,26.0,0.0,26.0,0.0,26.0,0.0,26.0,0.0,27.0,0.0,27.0,0.0,27.0,0.0,26.0,0.0,26.0,0.0,26.0,0.0,27.0,0.0,27.0,0.0,27.0,0.0,27.0,0.0,27.0,0.0,26.0,0.0,26.0,0.0,26.0,0.0,26.0,0.0,26.0,0.0,26.0,0.0,26.0,0.0,26.0,0.0,26.0,0.0,26.0,0.0,27.0,0.0,27.0,0.0,27.0,0.0,26.0,0.0,26.0,0.0,27.0
DAL,0.15017,35.0,0.14973,35.0,0.10323,33.0,0.10032,33.0,0.06508,32.0,0.03681,31.0,0.03517,31.0,0.02206,29.0,0.02269,29.0,0.04767,31.0,0.02716,30.0,0.02517,30.0,0.01112,29.0,0.01096,29.0,0.00771,28.0,0.00696,28.0,0.00356,27.0,0.00338,27.0,0.00176,26.0,0.00066,25.0,0.00098,25.0,0.00096,25.0,0.00198,27.0,0.00224,27.0,0.00219,27.0,0.00284,27.0,0.00164,26.0,0.0007,25.0,0.00063,25.0,0.00037,24.0,0.00042,24.0,0.00042,24.0,0.00023,23.0,0.00061,25.0,0.00065,25.0,0.00028,24.0,0.00028,24.0,0.00066,26.0,0.00066,26.0,0.00032,26.0,0.00113,27.0,0.00121,27.0,0.00033,26.0,0.00028,26.0,0.00024,26.0,0.00017,26.0,0.00017,26.0,0.00047,27.0,0.00046,27.0,0.00085,28.0,0.0011,28.0,0.00041,28.0,0.00059,28.0,0.00023,27.0,0.00038,27.0,0.0001,26.0,0.0002,26.0,0.00027,27.0,0.00024,27.0,0.0001,27.0,4e-05,27.0,6e-05,26.0,2e-05,26.0,3e-05,25.0,2e-05,25.0,6e-05,27.0,7e-05,27.0,1e-05,26.0,0.0,25.0,0.0,25.0,0.0,25.0,1e-05,27.0,2e-05,28.0,1e-05,28.0,6e-05,29.0,6e-05,29.0,8e-05,30.0,0.00012,30.0,5e-05,30.0,0.0,29.0,2e-05,29.0,0.0,28.0,0.0,28.0,0.0,28.0,0.0,28.0,0.0,29.0,0.0,30.0,1e-05,30.0,0.0,30.0,0.0,29.0,0.0,29.0,0.0,29.0,0.0,29.0,0.0,29.0,0.0,29.0,0.0,29.0,0.0,28.0,0.0,28.0,0.0,29.0,0.0,29.0,0.0,29.0,0.0,29.0,0.0,28.0,0.0,28.0,0.0,28.0,0.0,27.0,0.0,27.0,0.0,27.0,0.0,27.0,0.0,27.0,0.0,27.0,0.0,27.0,0.0,27.0,0.0,27.0,0.0,27.0,0.0,26.0,0.0,26.0,0.0,27.0,0.0,27.0,0.0,27.0,0.0,26.0,0.0,26.0,0.0,26.0,0.0,26.0,0.0,26.0,0.0,26.0,0.0,26.0,0.0,26.0,0.0,26.0,0.0,26.0,0.0,26.0,0.0,26.0,0.0,26.0,0.0,26.0,0.0,26.0,0.0,26.0,0.0,26.0,0.0,26.0,0.0,26.0,0.0,25.0,0.0,25.0,0.0,26.0,0.0,26.0,0.0,26.0,0.0,26.0,0.0,27.0,0.0,26.0,0.0,26.0,0.0,27.0,0.0,27.0,0.0,27.0,0.0,27.0,0.0,26.0,0.0,26.0,0.0,26.0,0.0,26.0,0.0,26.0,0.0,25.0,0.0,25.0,0.0,25.0,0.0,25.0,0.0,25.0,0.0,26.0,0.0,25.0,0.0,25.0,0.0,25.0,0.0,25.0,0.0,25.0,0.0,25.0,0.0,25.0,0.0,25.0,0.0,25.0,0.0,25.0,0.0,25.0,0.0,24.0,0.0,24.0,0.0,24.0,0.0,24.0
MEM,0.28051,38.0,0.28013,38.0,0.37647,40.0,0.36638,40.0,0.36651,40.0,0.43977,42.0,0.43265,42.0,0.53883,43.0,0.55282,43.0,0.48757,42.0,0.57284,43.0,0.56169,43.0,0.61571,45.0,0.60716,45.0,0.55009,43.0,0.54114,43.0,0.43468,42.0,0.42727,42.0,0.41853,42.0,0.51011,43.0,0.4308,42.0,0.43123,42.0,0.54301,43.0,0.55308,43.0,0.57139,43.0,0.60592,43.0,0.50548,42.0,0.49599,42.0,0.40859,40.0,0.40848,40.0,0.32968,39.0,0.32994,39.0,0.3869,39.0,0.2953,38.0,0.29874,38.0,0.22656,37.0,0.22161,37.0,0.14695,36.0,0.14695,36.0,0.09006,35.0,0.08606,35.0,0.05528,34.0,0.04932,34.0,0.04967,34.0,0.03624,33.0,0.03477,33.0,0.01847,32.0,0.0099,31.0,0.0098,31.0,0.01774,33.0,0.02008,33.0,0.0107,32.0,0.0132,32.0,0.00746,31.0,0.00396,30.0,0.0036,30.0,0.00187,29.0,0.00217,29.0,0.00063,29.0,0.00076,29.0,0.00111,30.0,0.00064,29.0,0.0007,29.0,0.00097,29.0,0.00099,29.0,0.0005,28.0,0.00016,28.0,0.0001,28.0,0.00029,29.0,0.00029,29.0,0.00029,29.0,8e-05,28.0,0.00017,29.0,9e-05,29.0,0.00014,29.0,6e-05,29.0,8e-05,30.0,5e-05,30.0,3e-05,29.0,4e-05,29.0,1e-05,29.0,0.0,28.0,0.0,28.0,2e-05,28.0,1e-05,28.0,0.0,28.0,1e-05,29.0,0.0,29.0,1e-05,29.0,0.0,29.0,0.0,29.0,0.0,30.0,0.0,30.0,0.0,31.0,1e-05,31.0,1e-05,31.0,0.0,31.0,0.0,31.0,0.0,32.0,0.0,32.0,0.0,31.0,0.0,31.0,0.0,31.0,0.0,31.0,0.0,31.0,0.0,31.0,0.0,31.0,0.0,31.0,0.0,30.0,0.0,30.0,0.0,30.0,0.0,30.0,0.0,30.0,0.0,29.0,0.0,29.0,0.0,29.0,0.0,29.0,0.0,29.0,0.0,28.0,0.0,28.0,0.0,28.0,0.0,28.0,0.0,28.0,0.0,28.0,0.0,28.0,0.0,28.0,0.0,28.0,0.0,28.0,0.0,28.0,0.0,28.0,0.0,27.0,0.0,27.0,0.0,27.0,0.0,26.0,0.0,26.0,0.0,26.0,0.0,26.0,0.0,25.0,0.0,25.0,0.0,25.0,0.0,25.0,0.0,25.0,0.0,24.0,0.0,24.0,0.0,24.0,0.0,23.0,0.0,23.0,0.0,23.0,0.0,23.0,0.0,23.0,0.0,23.0,0.0,23.0,0.0,23.0,0.0,23.0,0.0,23.0,0.0,23.0,0.0,23.0,0.0,22.0,0.0,22.0,0.0,22.0,0.0,22.0,0.0,23.0,0.0,23.0,0.0,23.0,0.0,23.0,0.0,23.0,0.0,23.0,0.0,23.0,0.0,23.0,0.0,23.0,0.0,22.0,0.0,22.0,0.0,22.0,0.0,22.0,0.0,23.0,0.0,22.0,0.0,22.0,0.0,22.0
PHO,0.02636,27.0,0.02626,27.0,0.01641,26.0,0.01523,26.0,0.00841,25.0,0.00424,24.0,0.00383,24.0,0.00803,26.0,0.00902,26.0,0.02208,29.0,0.02015,29.0,0.01871,29.0,0.0083,27.0,0.00787,27.0,0.0101,27.0,0.01886,30.0,0.03243,31.0,0.0326,31.0,0.01815,30.0,0.01768,30.0,0.01117,29.0,0.00627,28.0,0.0067,28.0,0.00368,27.0,0.0041,27.0,0.00257,27.0,0.00589,28.0,0.0054,28.0,0.00269,27.0,0.00307,27.0,0.00355,27.0,0.00166,27.0,0.00564,28.0,0.00549,28.0,0.0115,30.0,0.01202,30.0,0.01153,30.0,0.00587,29.0,0.00587,29.0,0.00271,28.0,0.00274,28.0,0.00135,27.0,0.00125,27.0,0.00254,29.0,0.00165,28.0,0.00156,28.0,0.0014,28.0,0.00064,27.0,0.00058,27.0,0.00139,29.0,0.00074,28.0,0.0006,28.0,0.00036,27.0,0.00044,27.0,0.00022,27.0,0.00021,27.0,0.00021,27.0,8e-05,26.0,2e-05,25.0,0.0,25.0,1e-05,25.0,6e-05,27.0,7e-05,27.0,0.00027,28.0,0.00037,28.0,0.00021,27.0,0.00035,29.0,0.00016,29.0,9e-05,28.0,9e-05,28.0,0.0001,28.0,0.0002,29.0,0.00017,29.0,0.00014,29.0,0.0003,30.0,0.00042,30.0,6e-05,30.0,7e-05,30.0,0.00024,31.0,7e-05,30.0,6e-05,30.0,5e-05,29.0,3e-05,29.0,9e-05,30.0,4e-05,30.0,3e-05,30.0,6e-05,30.0,4e-05,30.0,1e-05,30.0,0.0,30.0,0.0,29.0,0.0,29.0,0.0,29.0,0.0,29.0,0.0,29.0,0.0,30.0,0.0,30.0,0.0,30.0,0.0,29.0,0.0,29.0,0.0,29.0,0.0,29.0,0.0,28.0,0.0,28.0,0.0,28.0,0.0,27.0,0.0,27.0,0.0,28.0,0.0,28.0,0.0,28.0,0.0,28.0,0.0,27.0,0.0,27.0,0.0,27.0,0.0,26.0,0.0,26.0,0.0,26.0,0.0,26.0,0.0,26.0,0.0,26.0,0.0,26.0,0.0,25.0,0.0,25.0,0.0,25.0,0.0,25.0,0.0,25.0,0.0,25.0,0.0,25.0,0.0,25.0,0.0,25.0,0.0,25.0,0.0,24.0,0.0,24.0,0.0,24.0,0.0,24.0,0.0,25.0,0.0,25.0,0.0,25.0,0.0,25.0,0.0,24.0,0.0,24.0,0.0,24.0,0.0,24.0,0.0,23.0,0.0,23.0,0.0,23.0,0.0,23.0,0.0,23.0,0.0,23.0,0.0,23.0,0.0,22.0,0.0,22.0,0.0,22.0,0.0,22.0,0.0,22.0,0.0,22.0,0.0,22.0,0.0,22.0,0.0,22.0,0.0,21.0,0.0,21.0,0.0,21.0,0.0,21.0,0.0,21.0,0.0,21.0,0.0,20.0,0.0,20.0,0.0,20.0,0.0,20.0,0.0,21.0,0.0,21.0,0.0,21.0,0.0,21.0,0.0,21.0,0.0,20.0,0.0,20.0,0.0,21.0,0.0,21.0
TOR,0.92131,47.0,0.92281,47.0,0.91853,47.0,0.94997,49.0,0.95673,49.0,0.9718,50.0,0.97088,50.0,0.95268,48.0,0.9472,48.0,0.91784,46.0,0.91894,46.0,0.94852,48.0,0.94483,48.0,0.93828,48.0,0.95289,49.0,0.95488,49.0,0.91399,47.0,0.91397,47.0,0.94965,48.0,0.94718,48.0,0.91954,47.0,0.92386,47.0,0.95339,48.0,0.9491,48.0,0.96993,49.0,0.96445,49.0,0.96359,49.0,0.94446,48.0,0.94354,48.0,0.96539,49.0,0.97957,50.0,0.9793,50.0,0.98849,51.0,0.99026,51.0,0.9951,52.0,0.99352,52.0,0.99338,52.0,0.98278,50.0,0.98278,50.0,0.96804,49.0,0.98665,50.0,0.98602,50.0,0.98557,50.0,0.98543,50.0,0.99348,51.0,0.99352,51.0,0.99695,51.0,0.99672,51.0,0.99732,51.0,0.99755,51.0,0.99886,52.0,0.99872,52.0,0.99896,52.0,0.99962,53.0,0.99961,53.0,0.9998,54.0,0.99959,53.0,0.99952,53.0,0.99987,53.0,0.99982,53.0,0.99999,54.0,0.99996,54.0,0.99999,55.0,0.99998,55.0,1.0,55.0,1.0,55.0,0.99999,56.0,1.0,56.0,1.0,57.0,1.0,57.0,1.0,57.0,1.0,55.0,1.0,54.0,1.0,54.0,1.0,55.0,1.0,55.0,1.0,55.0,1.0,56.0,1.0,56.0,1.0,56.0,1.0,56.0,1.0,57.0,1.0,57.0,1.0,57.0,1.0,57.0,1.0,56.0,1.0,56.0,1.0,57.0,1.0,57.0,1.0,56.0,1.0,56.0,1.0,55.0,1.0,55.0,1.0,55.0,1.0,55.0,1.0,56.0,1.0,55.0,1.0,55.0,1.0,55.0,1.0,55.0,1.0,55.0,1.0,55.0,1.0,54.0,1.0,54.0,1.0,55.0,1.0,55.0,1.0,55.0,1.0,55.0,1.0,54.0,1.0,55.0,1.0,55.0,1.0,55.0,1.0,55.0,1.0,56.0,1.0,56.0,1.0,56.0,1.0,56.0,1.0,56.0,1.0,57.0,1.0,57.0,1.0,57.0,1.0,58.0,1.0,58.0,1.0,58.0,1.0,58.0,1.0,58.0,1.0,58.0,1.0,58.0,1.0,58.0,1.0,58.0,1.0,57.0,1.0,57.0,1.0,57.0,1.0,57.0,1.0,57.0,1.0,58.0,1.0,58.0,1.0,58.0,1.0,58.0,1.0,58.0,1.0,58.0,1.0,59.0,1.0,59.0,1.0,59.0,1.0,60.0,1.0,60.0,1.0,60.0,1.0,60.0,1.0,60.0,1.0,60.0,1.0,61.0,1.0,61.0,1.0,61.0,1.0,60.0,1.0,60.0,1.0,61.0,1.0,60.0,1.0,60.0,1.0,60.0,1.0,60.0,1.0,59.0,1.0,59.0,1.0,60.0,1.0,60.0,1.0,60.0,1.0,60.0,1.0,59.0,1.0,59.0,1.0,59.0,1.0,58.0,1.0,59.0,1.0,59.0,1.0,59.0,1.0,59.0,1.0,59.0,1.0,60.0,1.0,60.0,1.0,59.0
BOS,0.9852,54.0,0.97334,51.0,0.95022,49.0,0.9515,49.0,0.97466,51.0,0.97224,51.0,0.97172,51.0,0.97081,51.0,0.98118,52.0,0.98188,52.0,0.98955,53.0,0.98956,53.0,0.99383,54.0,0.99257,54.0,0.99518,55.0,0.995,55.0,0.99672,56.0,0.99672,56.0,0.99862,57.0,0.99851,57.0,0.99943,58.0,0.99975,59.0,0.99982,59.0,0.99986,60.0,0.99989,60.0,0.9999,60.0,0.99991,60.0,0.99999,61.0,0.99997,61.0,1.0,62.0,1.0,62.0,1.0,62.0,1.0,62.0,1.0,63.0,0.99999,63.0,1.0,64.0,1.0,64.0,1.0,62.0,1.0,62.0,1.0,63.0,1.0,63.0,1.0,63.0,1.0,62.0,1.0,62.0,1.0,62.0,1.0,62.0,1.0,62.0,1.0,63.0,1.0,63.0,1.0,63.0,1.0,63.0,1.0,64.0,1.0,64.0,1.0,62.0,1.0,62.0,1.0,63.0,1.0,61.0,1.0,61.0,1.0,62.0,1.0,62.0,1.0,61.0,1.0,61.0,1.0,61.0,1.0,62.0,1.0,62.0,1.0,60.0,1.0,59.0,1.0,59.0,1.0,60.0,1.0,60.0,1.0,58.0,1.0,58.0,1.0,59.0,1.0,59.0,1.0,59.0,1.0,59.0,1.0,60.0,1.0,60.0,1.0,60.0,1.0,60.0,1.0,60.0,1.0,61.0,1.0,61.0,1.0,61.0,1.0,61.0,1.0,61.0,1.0,61.0,1.0,62.0,1.0,62.0,1.0,62.0,1.0,62.0,1.0,62.0,1.0,61.0,1.0,61.0,1.0,59.0,1.0,59.0,1.0,59.0,1.0,58.0,1.0,58.0,1.0,57.0,1.0,58.0,1.0,58.0,1.0,58.0,1.0,57.0,1.0,57.0,1.0,57.0,1.0,57.0,1.0,58.0,1.0,58.0,1.0,58.0,1.0,58.0,1.0,59.0,1.0,59.0,1.0,58.0,1.0,58.0,1.0,58.0,1.0,57.0,1.0,57.0,1.0,56.0,1.0,56.0,1.0,56.0,1.0,55.0,1.0,55.0,1.0,55.0,1.0,55.0,1.0,55.0,1.0,55.0,1.0,55.0,1.0,55.0,1.0,55.0,1.0,56.0,1.0,56.0,1.0,56.0,1.0,57.0,1.0,57.0,1.0,57.0,1.0,57.0,1.0,57.0,1.0,56.0,1.0,56.0,1.0,57.0,1.0,57.0,1.0,57.0,1.0,57.0,1.0,57.0,1.0,57.0,1.0,56.0,1.0,56.0,1.0,56.0,1.0,55.0,1.0,55.0,1.0,56.0,1.0,56.0,1.0,55.0,1.0,55.0,1.0,55.0,1.0,55.0,1.0,55.0,1.0,56.0,1.0,56.0,1.0,56.0,1.0,56.0,1.0,56.0,1.0,57.0,1.0,57.0,1.0,57.0,1.0,57.0,1.0,57.0,1.0,57.0,1.0,56.0,1.0,56.0,1.0,56.0,1.0,56.0,1.0,56.0,1.0,55.0,1.0,55.0,1.0,55.0,1.0,55.0
PHI,0.61594,39.0,0.61693,39.0,0.51408,38.0,0.51864,38.0,0.45224,36.0,0.34139,35.0,0.33808,35.0,0.44204,37.0,0.42288,37.0,0.33237,35.0,0.33631,35.0,0.33427,35.0,0.42279,37.0,0.39415,37.0,0.45983,38.0,0.47011,38.0,0.53671,40.0,0.5367,40.0,0.65747,41.0,0.64863,41.0,0.65976,41.0,0.66968,41.0,0.76345,43.0,0.74974,43.0,0.6751,41.0,0.63709,41.0,0.53546,40.0,0.55572,40.0,0.65178,41.0,0.64981,41.0,0.74219,43.0,0.74207,43.0,0.74738,43.0,0.67565,41.0,0.67772,41.0,0.73624,43.0,0.73537,43.0,0.77287,44.0,0.77287,44.0,0.76736,44.0,0.8701,45.0,0.86249,45.0,0.80021,44.0,0.79855,44.0,0.87836,45.0,0.82377,43.0,0.83249,43.0,0.88661,44.0,0.90193,44.0,0.85412,43.0,0.85095,43.0,0.84979,43.0,0.78802,42.0,0.79088,42.0,0.72539,41.0,0.62394,40.0,0.59454,40.0,0.69208,41.0,0.72614,41.0,0.69263,41.0,0.59856,40.0,0.56421,40.0,0.53264,40.0,0.49768,40.0,0.39403,39.0,0.36096,39.0,0.25471,38.0,0.2441,38.0,0.16844,37.0,0.16844,37.0,0.25193,38.0,0.25002,38.0,0.29673,38.0,0.2331,37.0,0.26568,37.0,0.30742,38.0,0.43981,39.0,0.44335,39.0,0.46933,39.0,0.63153,40.0,0.63156,40.0,0.74539,41.0,0.67995,41.0,0.65859,41.0,0.6242,41.0,0.6207,41.0,0.66578,41.0,0.57402,40.0,0.51563,40.0,0.5341,40.0,0.4862,40.0,0.55661,41.0,0.55659,41.0,0.61238,41.0,0.74136,41.0,0.79636,41.0,0.87811,42.0,0.88787,42.0,0.82251,41.0,0.82459,41.0,0.91129,42.0,0.91345,42.0,0.95435,43.0,0.96574,43.0,0.96248,42.0,0.93727,41.0,0.9001,41.0,0.84654,41.0,0.7833,41.0,0.86266,41.0,0.71145,41.0,0.70516,41.0,0.6312,41.0,0.74484,41.0,0.67964,41.0,0.68146,41.0,0.83176,42.0,0.90426,43.0,0.94026,43.0,0.98767,43.0,0.98818,43.0,0.99285,44.0,0.99271,44.0,0.99271,44.0,0.99271,44.0,0.99271,44.0,0.99271,44.0,0.99271,44.0,0.99271,44.0,0.99785,45.0,0.99949,45.0,0.99978,45.0,0.99994,45.0,1.0,45.0,0.99991,44.0,0.99971,44.0,0.99994,45.0,1.0,45.0,1.0,45.0,1.0,44.0,1.0,44.0,1.0,45.0,1.0,45.0,1.0,44.0,1.0,44.0,1.0,44.0,1.0,45.0,1.0,45.0,1.0,44.0,1.0,44.0,1.0,45.0,1.0,45.0,1.0,45.0,1.0,45.0,1.0,46.0,1.0,46.0,1.0,47.0,1.0,47.0,1.0,47.0,1.0,48.0,1.0,48.0,1.0,48.0,1.0,48.0,1.0,48.0,1.0,48.0,1.0,49.0,1.0,49.0,1.0,49.0,1.0,49.0,1.0,50.0,1.0,50.0,1.0,50.0,1.0,51.0,1.0,51.0,1.0,51.0,1.0,51.0,1.0,52.0,1.0,52.0
CLE,0.98303,53.0,0.9895,55.0,0.9897,55.0,0.98962,55.0,0.99578,56.0,0.98978,54.0,0.98985,54.0,0.98903,54.0,0.99359,55.0,0.9874,53.0,0.98773,53.0,0.98773,53.0,0.97495,51.0,0.95124,49.0,0.94167,49.0,0.94379,49.0,0.89459,47.0,0.89459,47.0,0.93676,48.0,0.93344,48.0,0.89856,46.0,0.90441,46.0,0.93884,47.0,0.93347,47.0,0.89845,46.0,0.88042,46.0,0.91845,47.0,0.92489,47.0,0.95089,48.0,0.95096,48.0,0.96991,49.0,0.96979,49.0,0.98277,50.0,0.98385,50.0,0.98431,50.0,0.98881,51.0,0.98868,51.0,0.99166,52.0,0.99166,52.0,0.99553,53.0,0.99686,53.0,0.99653,53.0,0.99828,53.0,0.99911,54.0,0.99929,54.0,0.99968,55.0,0.9998,55.0,0.99989,56.0,0.99995,56.0,0.99997,56.0,0.99996,56.0,0.99997,57.0,0.99998,57.0,0.99997,56.0,0.99998,56.0,0.99999,56.0,0.99999,56.0,0.99999,57.0,1.0,57.0,1.0,57.0,1.0,57.0,1.0,58.0,1.0,59.0,1.0,59.0,1.0,57.0,1.0,57.0,1.0,58.0,1.0,58.0,1.0,58.0,1.0,58.0,1.0,57.0,1.0,57.0,1.0,55.0,1.0,55.0,1.0,55.0,1.0,54.0,1.0,54.0,1.0,54.0,1.0,55.0,1.0,54.0,1.0,54.0,1.0,54.0,1.0,54.0,1.0,54.0,1.0,53.0,1.0,53.0,1.0,53.0,1.0,52.0,1.0,51.0,1.0,51.0,0.99998,51.0,0.99994,50.0,0.99994,50.0,0.99996,50.0,1.0,51.0,1.0,51.0,1.0,50.0,1.0,50.0,1.0,50.0,0.99998,49.0,0.99999,49.0,0.99998,49.0,1.0,50.0,1.0,50.0,1.0,50.0,1.0,50.0,0.99999,49.0,1.0,50.0,1.0,50.0,1.0,50.0,1.0,49.0,1.0,49.0,0.99999,49.0,0.99997,48.0,1.0,49.0,1.0,49.0,1.0,49.0,1.0,49.0,1.0,50.0,1.0,50.0,1.0,50.0,1.0,50.0,1.0,50.0,1.0,50.0,1.0,50.0,1.0,50.0,1.0,50.0,1.0,50.0,1.0,50.0,1.0,49.0,1.0,50.0,1.0,50.0,1.0,49.0,1.0,49.0,1.0,50.0,1.0,50.0,1.0,49.0,1.0,49.0,1.0,48.0,1.0,48.0,1.0,49.0,1.0,49.0,1.0,49.0,1.0,49.0,1.0,48.0,1.0,48.0,1.0,48.0,1.0,48.0,1.0,48.0,1.0,48.0,1.0,47.0,1.0,47.0,1.0,48.0,1.0,48.0,1.0,48.0,1.0,48.0,1.0,49.0,1.0,49.0,1.0,49.0,1.0,49.0,1.0,50.0,1.0,50.0,1.0,49.0,1.0,49.0,1.0,49.0,1.0,50.0,1.0,50.0,1.0,50.0,1.0,50.0,1.0,50.0,1.0,50.0,1.0,51.0,1.0,50.0,1.0,50.0,1.0,50.0,1.0,51.0,1.0,51.0,1.0,50.0
IND,0.17026,31.0,0.16971,31.0,0.24696,33.0,0.25058,33.0,0.20569,32.0,0.13834,31.0,0.13649,31.0,0.1349,31.0,0.19483,33.0,0.14062,31.0,0.14346,31.0,0.14165,31.0,0.13458,31.0,0.18471,33.0,0.16014,33.0,0.24304,35.0,0.30564,37.0,0.30565,37.0,0.24784,36.0,0.23813,36.0,0.1821,34.0,0.18915,34.0,0.13767,33.0,0.08865,32.0,0.09216,32.0,0.12151,34.0,0.11895,34.0,0.08672,33.0,0.0841,33.0,0.08323,33.0,0.12867,34.0,0.12843,34.0,0.19533,36.0,0.20832,36.0,0.30116,37.0,0.36757,38.0,0.36795,38.0,0.30775,38.0,0.30775,38.0,0.40781,40.0,0.3638,39.0,0.34589,39.0,0.45726,40.0,0.45606,40.0,0.38383,39.0,0.3854,39.0,0.29332,38.0,0.28104,38.0,0.3151,38.0,0.4407,39.0,0.43144,39.0,0.55943,40.0,0.56539,40.0,0.68128,41.0,0.69523,41.0,0.79581,42.0,0.77339,42.0,0.76144,42.0,0.71479,41.0,0.67772,41.0,0.57957,41.0,0.54638,41.0,0.63768,41.0,0.61256,41.0,0.62305,41.0,0.71834,42.0,0.71269,42.0,0.71047,42.0,0.82275,43.0,0.82275,43.0,0.82341,43.0,0.74303,42.0,0.6988,41.0,0.75273,41.0,0.68168,40.0,0.59058,40.0,0.4586,39.0,0.46271,39.0,0.48554,39.0,0.35394,39.0,0.35392,39.0,0.32776,39.0,0.40201,40.0,0.38295,40.0,0.52406,40.0,0.5186,40.0,0.39827,40.0,0.45358,40.0,0.57811,40.0,0.60126,40.0,0.71648,41.0,0.7814,42.0,0.7814,42.0,0.82215,42.0,0.72034,41.0,0.67796,41.0,0.67488,41.0,0.82807,41.0,0.82601,41.0,0.82823,41.0,0.92465,42.0,0.92444,42.0,0.87098,42.0,0.95574,42.0,0.97479,42.0,0.99054,43.0,0.98251,43.0,0.99419,44.0,0.98965,44.0,0.97612,43.0,0.98683,44.0,0.98638,44.0,0.95973,43.0,0.94923,43.0,0.93069,43.0,0.93031,43.0,0.97564,44.0,0.97177,44.0,0.99597,44.0,0.99863,44.0,0.99861,44.0,0.99942,45.0,0.99935,45.0,0.99935,45.0,0.99935,45.0,0.99935,45.0,0.99935,45.0,0.99935,45.0,0.99935,45.0,0.99933,45.0,0.99996,46.0,1.0,46.0,1.0,46.0,1.0,45.0,1.0,45.0,0.99999,44.0,0.99999,44.0,1.0,45.0,1.0,45.0,1.0,46.0,1.0,46.0,1.0,46.0,1.0,46.0,1.0,46.0,1.0,46.0,1.0,46.0,1.0,47.0,1.0,47.0,1.0,47.0,1.0,47.0,1.0,47.0,1.0,47.0,1.0,46.0,1.0,46.0,1.0,47.0,1.0,47.0,1.0,46.0,1.0,46.0,1.0,47.0,1.0,47.0,1.0,47.0,1.0,47.0,1.0,48.0,1.0,48.0,1.0,48.0,1.0,48.0,1.0,48.0,1.0,49.0,1.0,49.0,1.0,48.0,1.0,48.0,1.0,49.0,1.0,48.0,1.0,48.0,1.0,49.0,1.0,49.0,1.0,48.0,1.0,48.0
MIA,0.76489,43.0,0.7652,43.0,0.67283,41.0,0.67594,41.0,0.70575,41.0,0.77653,42.0,0.77278,42.0,0.84267,44.0,0.83179,44.0,0.76612,42.0,0.77054,42.0,0.76873,42.0,0.6748,41.0,0.64963,41.0,0.50848,39.0,0.51595,39.0,0.57854,41.0,0.5785,41.0,0.50094,39.0,0.4925,39.0,0.60496,41.0,0.51545,39.0,0.52692,39.0,0.60895,41.0,0.61542,41.0,0.6762,42.0,0.6723,42.0,0.59388,41.0,0.58804,41.0,0.58589,41.0,0.47908,39.0,0.47887,39.0,0.58987,41.0,0.60684,41.0,0.49927,40.0,0.45727,40.0,0.45693,40.0,0.50326,41.0,0.50326,41.0,0.60011,42.0,0.65543,42.0,0.73336,43.0,0.72876,43.0,0.6324,42.0,0.55661,41.0,0.55498,41.0,0.67474,42.0,0.66456,42.0,0.59414,41.0,0.59445,41.0,0.58718,41.0,0.46871,40.0,0.47562,40.0,0.47271,40.0,0.60822,41.0,0.61273,41.0,0.69349,42.0,0.68327,42.0,0.61185,41.0,0.57006,41.0,0.68527,42.0,0.75415,42.0,0.72875,42.0,0.69964,42.0,0.71101,42.0,0.78579,42.0,0.78226,42.0,0.85701,43.0,0.79818,42.0,0.79818,42.0,0.79959,42.0,0.8698,43.0,0.89392,43.0,0.92,43.0,0.88326,42.0,0.89997,43.0,0.89728,43.0,0.89908,43.0,0.90709,43.0,0.95086,44.0,0.95087,44.0,0.97351,45.0,0.9605,45.0,0.97825,45.0,0.97559,45.0,0.98823,46.0,0.99575,47.0,0.99687,47.0,0.99584,47.0,0.9965,47.0,0.99845,47.0,0.9945,47.0,0.9945,47.0,0.99865,47.0,0.99867,47.0,0.99819,46.0,0.99942,47.0,0.99949,47.0,0.99877,46.0,0.99878,46.0,0.99906,46.0,0.9979,46.0,0.99788,46.0,0.99963,46.0,0.99985,46.0,0.99995,47.0,0.99991,47.0,0.99979,46.0,0.99963,46.0,0.9986,45.0,0.99514,45.0,0.99506,45.0,0.98241,44.0,0.9764,44.0,0.92811,43.0,0.92802,43.0,0.97484,44.0,0.97037,44.0,0.98562,44.0,0.99376,44.0,0.98649,43.0,0.94016,42.0,0.9403,42.0,0.9403,42.0,0.9403,42.0,0.9403,42.0,0.9403,42.0,0.9403,42.0,0.9403,42.0,0.94005,42.0,0.94596,42.0,0.97681,42.0,0.9917,42.0,0.99758,42.0,0.99936,43.0,0.99834,43.0,0.99531,42.0,0.99901,42.0,0.99998,43.0,0.99997,43.0,1.0,43.0,1.0,43.0,1.0,43.0,1.0,43.0,1.0,43.0,1.0,44.0,1.0,44.0,1.0,43.0,1.0,43.0,1.0,43.0,1.0,43.0,1.0,43.0,1.0,43.0,1.0,43.0,1.0,44.0,1.0,44.0,1.0,44.0,1.0,44.0,1.0,44.0,1.0,44.0,1.0,43.0,1.0,43.0,1.0,44.0,1.0,44.0,1.0,44.0,1.0,44.0,1.0,44.0,1.0,44.0,1.0,44.0,1.0,44.0,1.0,45.0,1.0,45.0,1.0,44.0,1.0,44.0,1.0,44.0,1.0,44.0,1.0,44.0,1.0,44.0
MIL,0.88811,46.0,0.88759,46.0,0.92185,48.0,0.92408,48.0,0.89759,46.0,0.93037,47.0,0.92821,47.0,0.95518,49.0,0.95099,49.0,0.95089,49.0,0.92352,47.0,0.92162,47.0,0.91565,47.0,0.93946,48.0,0.92781,48.0,0.89285,46.0,0.81701,45.0,0.81703,45.0,0.75993,43.0,0.75216,43.0,0.76158,43.0,0.76848,43.0,0.69218,42.0,0.67612,42.0,0.68203,42.0,0.73535,43.0,0.80622,44.0,0.81639,44.0,0.87146,45.0,0.87066,45.0,0.9148,47.0,0.91567,47.0,0.91612,46.0,0.87917,45.0,0.8766,45.0,0.79357,44.0,0.79447,44.0,0.82274,45.0,0.82274,45.0,0.81944,45.0,0.7824,44.0,0.77228,44.0,0.76972,44.0,0.83601,45.0,0.85302,45.0,0.90254,46.0,0.90761,46.0,0.93952,47.0,0.94753,47.0,0.91836,45.0,0.91483,45.0,0.94774,46.0,0.94863,46.0,0.96942,47.0,0.98535,48.0,0.98533,48.0,0.98381,48.0,0.98159,48.0,0.97353,47.0,0.96838,47.0,0.94648,46.0,0.90217,45.0,0.88865,45.0,0.91779,45.0,0.95418,46.0,0.94883,46.0,0.94866,46.0,0.97122,46.0,0.95255,45.0,0.95255,45.0,0.95225,45.0,0.92108,44.0,0.9367,44.0,0.97443,45.0,0.98813,46.0,0.98161,46.0,0.98116,46.0,0.96603,45.0,0.97,45.0,0.98625,46.0,0.98625,46.0,0.97253,45.0,0.97861,46.0,0.97698,46.0,0.95412,45.0,0.95353,45.0,0.97874,45.0,0.98293,45.0,0.96066,44.0,0.96453,44.0,0.92902,44.0,0.94928,44.0,0.94928,44.0,0.93071,44.0,0.92558,44.0,0.94899,44.0,0.90565,43.0,0.91864,43.0,0.9595,43.0,0.9598,43.0,0.96724,43.0,0.96776,43.0,0.9842,44.0,0.99021,44.0,0.99832,45.0,0.9994,45.0,0.99885,45.0,0.99904,45.0,0.99529,45.0,0.99822,45.0,0.997,45.0,0.99907,46.0,0.99839,46.0,0.99948,46.0,0.99899,46.0,0.999,46.0,0.99789,46.0,0.99922,46.0,0.99968,46.0,0.99989,46.0,0.99999,47.0,0.99996,47.0,0.99989,46.0,0.99989,46.0,0.99989,46.0,0.99989,46.0,0.99989,46.0,0.99989,46.0,0.99989,46.0,0.99984,46.0,1.0,47.0,0.99999,47.0,1.0,46.0,1.0,46.0,1.0,45.0,0.99996,45.0,0.99996,45.0,0.99997,44.0,1.0,44.0,1.0,44.0,1.0,44.0,1.0,44.0,1.0,43.0,1.0,43.0,1.0,44.0,1.0,44.0,1.0,44.0,1.0,44.0,1.0,44.0,1.0,44.0,1.0,44.0,1.0,44.0,1.0,44.0,1.0,44.0,1.0,43.0,1.0,43.0,1.0,43.0,1.0,43.0,1.0,43.0,1.0,43.0,1.0,44.0,1.0,44.0,1.0,43.0,1.0,43.0,1.0,44.0,1.0,44.0,1.0,44.0,1.0,44.0,1.0,44.0,1.0,44.0,1.0,44.0,1.0,44.0,1.0,44.0,1.0,44.0,1.0,44.0,1.0,45.0,1.0,45.0,1.0,44.0
WAS,0.933,48.0,0.93246,48.0,0.95492,50.0,0.95657,50.0,0.97781,51.0,0.97598,51.0,0.97534,51.0,0.98577,52.0,0.98436,52.0,0.97272,50.0,0.97266,50.0,0.95259,49.0,0.95093,49.0,0.96496,50.0,0.95661,50.0,0.95808,50.0,0.91882,48.0,0.91881,48.0,0.88367,46.0,0.88077,46.0,0.92451,48.0,0.92766,48.0,0.89066,46.0,0.88187,46.0,0.92515,47.0,0.9109,47.0,0.94254,48.0,0.94675,48.0,0.96657,49.0,0.96634,49.0,0.98008,50.0,0.98,50.0,0.96704,49.0,0.96912,49.0,0.94784,47.0,0.96042,48.0,0.96041,48.0,0.91697,47.0,0.91697,47.0,0.91478,47.0,0.89287,46.0,0.88577,46.0,0.88407,46.0,0.92365,47.0,0.89335,45.0,0.89415,45.0,0.93646,46.0,0.93288,46.0,0.94236,46.0,0.90807,45.0,0.94124,46.0,0.94175,46.0,0.96643,47.0,0.96608,47.0,0.9487,46.0,0.949,46.0,0.94313,46.0,0.90389,45.0,0.94926,45.0,0.93843,45.0,0.96432,46.0,0.95732,46.0,0.91837,45.0,0.94312,45.0,0.9689,46.0,0.96521,46.0,0.96505,46.0,0.9407,45.0,0.96793,46.0,0.96793,46.0,0.98237,47.0,0.98309,47.0,0.9764,46.0,0.98331,46.0,0.99308,46.0,0.9882,46.0,0.99437,47.0,0.99444,47.0,0.99555,47.0,0.99816,48.0,0.99816,48.0,0.99921,48.0,0.99685,47.0,0.99651,47.0,0.99614,47.0,0.99604,47.0,0.99337,47.0,0.99456,47.0,0.99722,47.0,0.9991,48.0,0.99883,48.0,0.99623,47.0,0.99623,47.0,0.99398,46.0,0.9935,46.0,0.99877,47.0,0.99852,47.0,0.99889,47.0,0.99767,46.0,0.99771,46.0,0.99802,46.0,0.99566,45.0,0.99521,45.0,0.99882,46.0,0.99947,46.0,0.99968,46.0,0.99978,46.0,0.99983,46.0,0.99987,47.0,0.99988,47.0,0.99996,47.0,0.99996,47.0,0.99999,48.0,0.9999,47.0,0.99988,47.0,0.99953,46.0,0.99955,46.0,0.99986,47.0,0.99995,47.0,0.99999,47.0,0.99998,47.0,0.99999,48.0,1.0,48.0,1.0,48.0,1.0,48.0,1.0,48.0,1.0,48.0,1.0,48.0,1.0,48.0,1.0,48.0,1.0,47.0,1.0,47.0,1.0,48.0,1.0,48.0,1.0,48.0,1.0,48.0,1.0,48.0,1.0,47.0,1.0,47.0,1.0,46.0,1.0,46.0,1.0,47.0,1.0,47.0,1.0,47.0,1.0,47.0,1.0,47.0,1.0,47.0,1.0,47.0,1.0,46.0,1.0,46.0,1.0,46.0,1.0,46.0,1.0,47.0,1.0,47.0,1.0,47.0,1.0,47.0,1.0,46.0,1.0,46.0,1.0,46.0,1.0,46.0,1.0,45.0,1.0,45.0,1.0,46.0,1.0,46.0,1.0,45.0,1.0,45.0,1.0,45.0,1.0,45.0,1.0,45.0,1.0,44.0,1.0,44.0,1.0,44.0,1.0,43.0,1.0,43.0,1.0,43.0,1.0,43.0,1.0,44.0,1.0,43.0
DET,0.53395,39.0,0.53458,39.0,0.63411,40.0,0.63802,40.0,0.57737,39.0,0.6649,40.0,0.66166,40.0,0.57137,39.0,0.55166,39.0,0.65863,41.0,0.66021,41.0,0.65681,41.0,0.73396,42.0,0.79012,43.0,0.76084,43.0,0.68682,42.0,0.64793,42.0,0.64795,42.0,0.75559,43.0,0.82276,45.0,0.83143,45.0,0.8376,45.0,0.84088,45.0,0.88561,46.0,0.8898,46.0,0.91671,47.0,0.91504,47.0,0.95262,48.0,0.95188,48.0,0.95172,48.0,0.92359,47.0,0.92388,47.0,0.8865,46.0,0.89223,46.0,0.93178,47.0,0.87736,45.0,0.87684,45.0,0.84611,45.0,0.84611,45.0,0.89546,47.0,0.91648,47.0,0.91115,47.0,0.94375,48.0,0.94266,48.0,0.97143,48.0,0.97181,48.0,0.95719,47.0,0.92699,46.0,0.93633,46.0,0.90503,45.0,0.90361,45.0,0.85329,44.0,0.85667,44.0,0.79643,43.0,0.80626,43.0,0.73127,42.0,0.70549,42.0,0.59104,41.0,0.63108,41.0,0.70072,42.0,0.79652,43.0,0.77387,43.0,0.83146,44.0,0.87503,44.0,0.88236,44.0,0.80903,43.0,0.8034,43.0,0.87538,44.0,0.88239,44.0,0.88239,44.0,0.88519,44.0,0.93062,45.0,0.94527,45.0,0.93612,44.0,0.94292,44.0,0.9525,45.0,0.95097,45.0,0.95248,45.0,0.95732,45.0,0.93316,44.0,0.93316,44.0,0.88747,43.0,0.91169,44.0,0.9049,44.0,0.83372,43.0,0.83193,43.0,0.9128,44.0,0.92787,44.0,0.91336,44.0,0.87017,43.0,0.8545,43.0,0.70117,42.0,0.70118,42.0,0.61653,41.0,0.59646,41.0,0.53186,40.0,0.51174,40.0,0.34852,40.0,0.36692,40.0,0.36837,40.0,0.19088,39.0,0.1942,39.0,0.18387,39.0,0.08475,38.0,0.05712,38.0,0.06673,38.0,0.10902,38.0,0.14903,38.0,0.22354,39.0,0.15765,39.0,0.30286,40.0,0.29965,40.0,0.42468,41.0,0.32814,41.0,0.46163,41.0,0.46136,41.0,0.22027,41.0,0.15452,41.0,0.07852,40.0,0.02006,39.0,0.02675,39.0,0.06762,40.0,0.06775,40.0,0.06775,40.0,0.06775,40.0,0.06775,40.0,0.06775,40.0,0.06775,40.0,0.06775,40.0,0.06291,40.0,0.05428,39.0,0.02337,39.0,0.00815,39.0,0.00217,38.0,0.00052,38.0,0.00196,39.0,0.00473,39.0,0.00101,38.0,2e-05,38.0,3e-05,38.0,0.0,37.0,0.0,37.0,0.0,37.0,0.0,37.0,0.0,37.0,0.0,37.0,0.0,37.0,0.0,37.0,0.0,37.0,0.0,37.0,0.0,36.0,0.0,36.0,0.0,36.0,0.0,36.0,0.0,36.0,0.0,37.0,0.0,37.0,0.0,37.0,0.0,37.0,0.0,37.0,0.0,37.0,0.0,38.0,0.0,38.0,0.0,38.0,0.0,38.0,0.0,38.0,0.0,39.0,0.0,39.0,0.0,39.0,0.0,39.0,0.0,39.0,0.0,39.0,0.0,39.0,0.0,39.0,0.0,39.0,0.0,38.0,0.0,38.0,0.0,39.0
CHA,0.73471,42.0,0.73593,42.0,0.64008,41.0,0.64335,41.0,0.76081,42.0,0.74699,42.0,0.74417,42.0,0.66043,41.0,0.64179,41.0,0.73779,42.0,0.74124,42.0,0.65133,41.0,0.63627,41.0,0.70433,42.0,0.75421,43.0,0.75921,43.0,0.80143,45.0,0.80143,45.0,0.74338,43.0,0.73581,43.0,0.6646,42.0,0.67384,42.0,0.58369,41.0,0.56347,41.0,0.574,41.0,0.42907,39.0,0.42772,39.0,0.44487,39.0,0.43887,39.0,0.43587,39.0,0.33505,38.0,0.33504,38.0,0.24676,37.0,0.35181,38.0,0.35221,38.0,0.40751,39.0,0.40777,39.0,0.44857,41.0,0.44857,41.0,0.339,39.0,0.29039,38.0,0.27413,38.0,0.27169,38.0,0.26848,38.0,0.20789,37.0,0.21141,37.0,0.14499,36.0,0.13482,36.0,0.15533,36.0,0.23124,37.0,0.22573,37.0,0.15449,36.0,0.15961,36.0,0.1017,36.0,0.06936,35.0,0.06906,35.0,0.09471,36.0,0.08979,36.0,0.06562,35.0,0.05651,35.0,0.0334,34.0,0.0147,33.0,0.01185,33.0,0.03134,34.0,0.0338,34.0,0.01444,33.0,0.01362,33.0,0.00614,33.0,0.01244,34.0,0.01244,34.0,0.01255,34.0,0.01193,34.0,0.00786,33.0,0.01018,33.0,0.02347,34.0,0.0163,34.0,0.00798,33.0,0.0079,33.0,0.01648,34.0,0.01643,34.0,0.01643,34.0,0.02511,35.0,0.01813,35.0,0.01661,35.0,0.01452,35.0,0.01434,35.0,0.00714,34.0,0.00961,34.0,0.01385,35.0,0.00642,34.0,0.00535,34.0,0.00626,35.0,0.00627,35.0,0.01732,36.0,0.01613,36.0,0.02285,36.0,0.00929,35.0,0.00878,35.0,0.01834,36.0,0.01851,36.0,0.00576,35.0,0.00552,35.0,0.01093,36.0,0.00339,36.0,0.00527,36.0,0.00236,35.0,0.00179,35.0,0.00667,36.0,0.00518,36.0,0.00638,36.0,0.00629,36.0,0.01461,37.0,0.00349,37.0,0.00204,37.0,0.00106,37.0,0.00032,36.0,5e-05,35.0,0.0,35.0,0.0,35.0,0.0,35.0,0.0,35.0,0.0,35.0,0.0,35.0,0.0,35.0,0.0,35.0,0.0,35.0,0.0,35.0,0.0,35.0,0.0,35.0,2e-05,36.0,0.00031,37.0,5e-05,37.0,0.00021,37.0,0.00025,37.0,0.00021,38.0,4e-05,37.0,7e-05,37.0,1e-05,37.0,0.0,37.0,0.0,36.0,0.0,36.0,0.0,36.0,0.0,36.0,0.0,35.0,0.0,35.0,0.0,36.0,0.0,36.0,0.0,36.0,0.0,35.0,0.0,35.0,0.0,36.0,0.0,36.0,0.0,35.0,0.0,35.0,0.0,35.0,0.0,35.0,0.0,36.0,0.0,36.0,0.0,36.0,0.0,37.0,0.0,37.0,0.0,37.0,0.0,37.0,0.0,37.0,0.0,37.0,0.0,37.0,0.0,36.0,0.0,36.0,0.0,36.0,0.0,35.0,0.0,35.0,0.0,35.0,0.0,36.0,0.0,36.0,0.0,35.0,0.0,35.0,0.0,36.0,0.0,36.0
NYK,0.16452,31.0,0.16451,31.0,0.16239,31.0,0.1156,30.0,0.12756,30.0,0.08106,29.0,0.07975,29.0,0.07966,29.0,0.0494,28.0,0.0505,28.0,0.05125,28.0,0.08515,30.0,0.07984,30.0,0.11369,32.0,0.1497,34.0,0.15422,34.0,0.09526,32.0,0.09526,32.0,0.1562,34.0,0.15175,34.0,0.23028,36.0,0.23924,36.0,0.33434,37.0,0.24085,36.0,0.24792,36.0,0.21883,36.0,0.30109,38.0,0.31646,38.0,0.23201,37.0,0.23032,37.0,0.31654,38.0,0.31728,38.0,0.24005,37.0,0.25225,37.0,0.25215,37.0,0.30978,38.0,0.30978,38.0,0.3549,40.0,0.3549,40.0,0.26217,39.0,0.22198,38.0,0.20808,38.0,0.1471,37.0,0.14502,37.0,0.23475,38.0,0.23509,38.0,0.23783,38.0,0.22255,38.0,0.17982,37.0,0.12723,36.0,0.124,36.0,0.19091,37.0,0.1971,37.0,0.19239,37.0,0.14428,36.0,0.21562,37.0,0.19686,37.0,0.27752,39.0,0.30873,39.0,0.38576,40.0,0.3906,40.0,0.48311,41.0,0.44928,41.0,0.42044,40.0,0.43003,40.0,0.3966,40.0,0.51888,41.0,0.39361,40.0,0.3947,40.0,0.3947,40.0,0.29213,39.0,0.29022,39.0,0.24413,38.0,0.18977,38.0,0.22083,38.0,0.26292,39.0,0.2696,39.0,0.27365,39.0,0.19816,38.0,0.12853,37.0,0.12851,37.0,0.06812,36.0,0.05199,36.0,0.08496,37.0,0.07756,37.0,0.07654,37.0,0.04813,37.0,0.06055,37.0,0.02526,36.0,0.0279,36.0,0.01119,35.0,0.01461,36.0,0.01461,36.0,0.00832,36.0,0.00796,36.0,0.025,36.0,0.02236,36.0,0.00972,36.0,0.01028,36.0,0.00403,35.0,0.00311,35.0,0.00109,35.0,0.00258,35.0,0.00172,35.0,0.0027,35.0,0.00407,35.0,0.00805,36.0,0.00491,36.0,0.00354,36.0,0.00049,35.0,0.00047,35.0,0.00011,34.0,0.00012,34.0,0.0,34.0,0.0,34.0,0.0,33.0,0.0,33.0,0.0,33.0,0.0,33.0,0.0,32.0,0.0,32.0,0.0,32.0,0.0,32.0,0.0,32.0,0.0,32.0,0.0,32.0,0.0,32.0,0.0,32.0,0.0,32.0,0.0,33.0,0.0,33.0,0.0,32.0,0.0,32.0,0.0,32.0,0.0,32.0,0.0,32.0,0.0,32.0,0.0,31.0,0.0,31.0,0.0,31.0,0.0,31.0,0.0,30.0,0.0,30.0,0.0,30.0,0.0,30.0,0.0,30.0,0.0,29.0,0.0,29.0,0.0,29.0,0.0,29.0,0.0,29.0,0.0,29.0,0.0,29.0,0.0,29.0,0.0,30.0,0.0,30.0,0.0,30.0,0.0,30.0,0.0,29.0,0.0,29.0,0.0,30.0,0.0,30.0,0.0,30.0,0.0,29.0,0.0,29.0,0.0,29.0,0.0,29.0,0.0,29.0,0.0,29.0,0.0,28.0,0.0,28.0,0.0,28.0,0.0,29.0,0.0,29.0,0.0,29.0,0.0,28.0,0.0,28.0,0.0,29.0
BRO,0.06762,27.0,0.06709,27.0,0.04309,26.0,0.04381,26.0,0.08826,28.0,0.08052,28.0,0.13169,31.0,0.1307,31.0,0.08628,30.0,0.13992,32.0,0.14247,32.0,0.09809,30.0,0.09337,30.0,0.05448,29.0,0.0454,29.0,0.02964,28.0,0.02609,28.0,0.02609,28.0,0.01672,27.0,0.01573,27.0,0.01581,27.0,0.03305,29.0,0.01956,28.0,0.0183,28.0,0.01895,28.0,0.02856,30.0,0.0173,29.0,0.01928,29.0,0.01758,29.0,0.01027,28.0,0.00989,28.0,0.00991,28.0,0.01921,30.0,0.02148,30.0,0.01225,29.0,0.00954,29.0,0.00969,29.0,0.00353,28.0,0.00353,28.0,0.0016,27.0,0.00212,27.0,0.0043,29.0,0.00236,28.0,0.00205,28.0,0.00535,30.0,0.00502,30.0,0.00535,30.0,0.00226,29.0,0.00297,29.0,0.00693,30.0,0.00642,30.0,0.00676,30.0,0.01386,31.0,0.01289,31.0,0.00765,31.0,0.00789,31.0,0.00676,31.0,0.01229,32.0,0.01451,32.0,0.00648,31.0,0.0033,31.0,0.00286,31.0,0.00098,30.0,0.00157,30.0,0.0016,30.0,0.00062,29.0,0.00056,29.0,0.00131,30.0,0.00059,30.0,0.00059,30.0,0.00055,30.0,0.00019,29.0,0.00014,28.0,0.00023,28.0,0.00061,30.0,0.00035,30.0,0.00017,29.0,0.00036,30.0,0.00053,30.0,0.00113,31.0,0.00113,31.0,0.00089,31.0,0.00027,31.0,0.00025,31.0,9e-05,30.0,9e-05,30.0,2e-05,29.0,1e-05,29.0,7e-05,30.0,1e-05,30.0,0.0,30.0,0.0,29.0,0.0,29.0,0.0,29.0,0.0,29.0,1e-05,30.0,1e-05,30.0,1e-05,31.0,0.0,31.0,0.0,30.0,0.0,30.0,0.0,30.0,0.0,30.0,0.0,29.0,0.0,29.0,0.0,29.0,0.0,29.0,0.0,30.0,0.0,30.0,0.0,29.0,0.0,29.0,0.0,29.0,0.0,29.0,0.0,28.0,0.0,28.0,0.0,28.0,0.0,28.0,0.0,27.0,0.0,27.0,0.0,27.0,0.0,27.0,0.0,26.0,0.0,26.0,0.0,26.0,0.0,26.0,0.0,26.0,0.0,26.0,0.0,26.0,0.0,26.0,0.0,26.0,0.0,26.0,0.0,26.0,0.0,26.0,0.0,27.0,0.0,27.0,0.0,27.0,0.0,26.0,0.0,26.0,0.0,26.0,0.0,26.0,0.0,26.0,0.0,25.0,0.0,25.0,0.0,26.0,0.0,26.0,0.0,26.0,0.0,26.0,0.0,26.0,0.0,25.0,0.0,25.0,0.0,25.0,0.0,25.0,0.0,26.0,0.0,26.0,0.0,27.0,0.0,27.0,0.0,26.0,0.0,26.0,0.0,26.0,0.0,26.0,0.0,26.0,0.0,26.0,0.0,26.0,0.0,26.0,0.0,26.0,0.0,26.0,0.0,27.0,0.0,27.0,0.0,27.0,0.0,26.0,0.0,26.0,0.0,27.0,0.0,27.0,0.0,28.0,0.0,28.0,0.0,28.0,0.0,28.0,0.0,28.0
CHI,0.0317,24.0,0.03169,24.0,0.03076,24.0,0.01975,23.0,0.02234,23.0,0.01207,22.0,0.0119,22.0,0.01182,22.0,0.00637,21.0,0.00661,21.0,0.01436,23.0,0.01438,23.0,0.00827,22.0,0.00665,22.0,0.0054,22.0,0.00588,22.0,0.00269,21.0,0.00269,21.0,0.00672,24.0,0.00371,23.0,0.00343,23.0,0.00371,23.0,0.00207,22.0,0.00192,22.0,0.00199,22.0,0.00072,21.0,0.00035,20.0,0.0004,20.0,0.00034,20.0,0.00043,20.0,0.00016,20.0,0.00021,20.0,0.00047,22.0,0.00051,22.0,0.00025,21.0,0.00019,21.0,7e-05,20.0,0.0,20.0,0.0,20.0,1e-05,19.0,0.0,19.0,0.0,18.0,0.0,18.0,0.0,18.0,0.0,18.0,0.0,17.0,0.0,17.0,0.0,17.0,0.0,17.0,0.0,16.0,0.0,16.0,0.0,16.0,0.0,16.0,0.0,17.0,0.0,19.0,0.0,19.0,0.0,21.0,0.0,21.0,1e-05,22.0,0.0,22.0,0.0,24.0,0.0,24.0,0.0,24.0,1e-05,25.0,2e-05,25.0,1e-05,26.0,3e-05,26.0,1e-05,26.0,0.0,25.0,0.0,25.0,0.0,25.0,1e-05,26.0,4e-05,28.0,0.00012,28.0,0.00028,29.0,0.00015,29.0,6e-05,28.0,0.0,28.0,0.0,28.0,1e-05,27.0,1e-05,27.0,1e-05,28.0,0.0,28.0,0.0,28.0,0.0,27.0,0.0,27.0,0.0,28.0,0.0,28.0,0.0,28.0,1e-05,29.0,0.0,29.0,0.0,30.0,0.0,30.0,0.0,30.0,0.0,30.0,1e-05,30.0,2e-05,31.0,1e-05,31.0,0.0,30.0,0.0,30.0,0.0,30.0,0.0,30.0,0.0,29.0,0.0,29.0,0.0,29.0,0.0,29.0,0.0,29.0,0.0,28.0,0.0,28.0,0.0,28.0,0.0,28.0,0.0,28.0,0.0,27.0,0.0,27.0,0.0,27.0,0.0,27.0,0.0,28.0,0.0,28.0,0.0,28.0,0.0,29.0,0.0,29.0,0.0,28.0,0.0,28.0,0.0,28.0,0.0,28.0,0.0,28.0,0.0,28.0,0.0,28.0,0.0,28.0,0.0,28.0,0.0,28.0,0.0,27.0,0.0,27.0,0.0,27.0,0.0,27.0,0.0,27.0,0.0,27.0,0.0,28.0,0.0,28.0,0.0,28.0,0.0,27.0,0.0,27.0,0.0,28.0,0.0,28.0,0.0,28.0,0.0,28.0,0.0,28.0,0.0,28.0,0.0,28.0,0.0,28.0,0.0,29.0,0.0,29.0,0.0,28.0,0.0,28.0,0.0,28.0,0.0,28.0,0.0,28.0,0.0,28.0,0.0,27.0,0.0,27.0,0.0,27.0,0.0,27.0,0.0,27.0,0.0,27.0,0.0,26.0,0.0,27.0,0.0,27.0,0.0,28.0,0.0,28.0,0.0,28.0,0.0,28.0,0.0,28.0,0.0,28.0,0.0,28.0,0.0,28.0,0.0,27.0,0.0,27.0,0.0,27.0
ORL,0.14829,31.0,0.14996,31.0,0.22151,33.0,0.22362,33.0,0.18151,32.0,0.24909,34.0,0.24313,34.0,0.24423,34.0,0.33081,36.0,0.33036,36.0,0.33135,36.0,0.44011,38.0,0.42716,38.0,0.3115,36.0,0.37878,38.0,0.38714,38.0,0.4632,40.0,0.46323,40.0,0.38573,38.0,0.37832,38.0,0.3023,37.0,0.31315,37.0,0.31548,37.0,0.4013,39.0,0.40844,39.0,0.47991,40.0,0.38094,39.0,0.39735,39.0,0.30292,38.0,0.29905,38.0,0.22034,37.0,0.21928,37.0,0.21983,37.0,0.16842,36.0,0.16934,36.0,0.0982,35.0,0.09865,35.0,0.04886,34.0,0.04886,34.0,0.02868,33.0,0.02092,32.0,0.02,32.0,0.01123,31.0,0.01057,31.0,0.02263,32.0,0.02263,32.0,0.01327,32.0,0.01216,32.0,0.02722,33.0,0.01635,32.0,0.01577,32.0,0.02844,33.0,0.02973,33.0,0.01663,33.0,0.00997,32.0,0.00955,32.0,0.00824,32.0,0.00758,32.0,0.00461,31.0,0.00349,31.0,0.00199,30.0,0.00127,30.0,0.00035,30.0,0.00084,30.0,0.00102,30.0,0.00017,29.0,0.00015,29.0,5e-05,28.0,3e-05,28.0,3e-05,28.0,3e-05,28.0,1e-05,27.0,1e-05,27.0,1e-05,28.0,6e-05,28.0,0.0,28.0,0.0,28.0,0.0,27.0,0.0,27.0,0.0,27.0,0.0,27.0,0.0,27.0,0.0,26.0,0.0,26.0,0.0,26.0,0.0,26.0,0.0,25.0,0.0,25.0,0.0,24.0,0.0,24.0,0.0,24.0,0.0,24.0,0.0,26.0,0.0,26.0,0.0,25.0,0.0,25.0,0.0,25.0,0.0,26.0,0.0,26.0,0.0,26.0,0.0,26.0,0.0,26.0,0.0,26.0,0.0,25.0,0.0,25.0,0.0,25.0,0.0,25.0,0.0,26.0,0.0,26.0,0.0,26.0,0.0,25.0,0.0,25.0,0.0,26.0,0.0,27.0,0.0,27.0,0.0,28.0,0.0,28.0,0.0,27.0,0.0,27.0,0.0,27.0,0.0,27.0,0.0,26.0,0.0,26.0,0.0,26.0,0.0,26.0,0.0,26.0,0.0,26.0,0.0,26.0,0.0,26.0,0.0,26.0,0.0,26.0,0.0,26.0,0.0,26.0,0.0,25.0,0.0,25.0,0.0,25.0,0.0,25.0,0.0,26.0,0.0,26.0,0.0,26.0,0.0,26.0,0.0,26.0,0.0,26.0,0.0,26.0,0.0,25.0,0.0,25.0,0.0,25.0,0.0,25.0,0.0,24.0,0.0,25.0,0.0,25.0,0.0,25.0,0.0,25.0,0.0,25.0,0.0,25.0,0.0,25.0,0.0,25.0,0.0,24.0,0.0,24.0,0.0,25.0,0.0,25.0,0.0,25.0,0.0,25.0,0.0,25.0,0.0,25.0,0.0,24.0,0.0,24.0,0.0,24.0,0.0,24.0,0.0,25.0,0.0,25.0,0.0,25.0,0.0,25.0,0.0,25.0,0.0,25.0,0.0,24.0,0.0,24.0,0.0,25.0
ATL,0.05747,27.0,0.0587,27.0,0.09897,29.0,0.09895,29.0,0.0759,28.0,0.06894,28.0,0.04435,27.0,0.02871,26.0,0.02687,26.0,0.02635,26.0,0.01641,25.0,0.00946,24.0,0.00877,24.0,0.00423,23.0,0.00306,23.0,0.00339,23.0,0.00138,22.0,0.00138,22.0,0.00078,21.0,0.0006,21.0,0.00171,23.0,0.00097,22.0,0.00105,22.0,0.00079,22.0,0.00077,22.0,0.00038,21.0,0.00014,21.0,0.00022,21.0,5e-05,20.0,6e-05,20.0,0.00013,22.0,0.00027,22.0,0.00018,22.0,9e-05,21.0,3e-05,21.0,2e-05,20.0,1e-05,20.0,0.0,20.0,0.0,20.0,1e-05,22.0,0.0,21.0,0.0,21.0,0.0,21.0,1e-05,21.0,1e-05,21.0,0.0,20.0,0.0,20.0,0.0,22.0,0.0,22.0,0.0,21.0,1e-05,21.0,0.0,21.0,0.0,21.0,0.0,21.0,0.0,22.0,1e-05,22.0,0.0,22.0,0.0,21.0,0.0,21.0,0.0,21.0,0.0,20.0,0.0,20.0,0.0,20.0,0.0,21.0,0.0,21.0,0.0,21.0,0.0,21.0,0.0,20.0,0.0,22.0,0.0,22.0,0.0,22.0,0.0,22.0,0.0,23.0,0.0,23.0,0.0,23.0,0.0,24.0,0.0,24.0,0.0,24.0,0.0,23.0,0.0,23.0,0.0,23.0,0.0,23.0,0.0,23.0,0.0,22.0,0.0,22.0,0.0,22.0,0.0,23.0,0.0,23.0,0.0,22.0,0.0,22.0,0.0,22.0,0.0,24.0,0.0,24.0,0.0,25.0,0.0,25.0,0.0,25.0,0.0,24.0,0.0,24.0,0.0,25.0,0.0,25.0,0.0,25.0,0.0,25.0,0.0,24.0,0.0,24.0,0.0,24.0,0.0,25.0,0.0,25.0,0.0,24.0,0.0,24.0,0.0,24.0,0.0,24.0,0.0,25.0,0.0,25.0,0.0,26.0,0.0,26.0,0.0,25.0,0.0,25.0,0.0,25.0,0.0,26.0,0.0,26.0,0.0,26.0,0.0,25.0,0.0,25.0,0.0,25.0,0.0,25.0,0.0,25.0,0.0,25.0,0.0,25.0,0.0,25.0,0.0,25.0,0.0,25.0,0.0,25.0,0.0,25.0,0.0,24.0,0.0,24.0,0.0,25.0,0.0,25.0,0.0,25.0,0.0,25.0,0.0,26.0,0.0,26.0,0.0,25.0,0.0,25.0,0.0,25.0,0.0,25.0,0.0,25.0,0.0,25.0,0.0,25.0,0.0,24.0,0.0,24.0,0.0,24.0,0.0,24.0,0.0,24.0,0.0,24.0,0.0,24.0,0.0,24.0,0.0,24.0,0.0,24.0,0.0,24.0,0.0,24.0,0.0,23.0,0.0,23.0,0.0,23.0,0.0,23.0,0.0,23.0,0.0,23.0,0.0,23.0,0.0,23.0,0.0,23.0,0.0,23.0,0.0,23.0,0.0,23.0,0.0,24.0,0.0,24.0,0.0,24.0,0.0,24.0,0.0,24.0,0.0,24.0
